1,015,0.23,0.23,0.23,0.23,0.23
2,015,0.11,0.23,0.11,0.17,0.08485281374238571
3,015,0.11,0.23,0.11,0.17,0.08485281374238571
4,015,0.11,0.23,0.11,0.17,0.08485281374238571
5,015,0.11,0.23,0.11,0.17,0.08485281374238571
6,015,0.11,0.23,0.11,0.17,0.08485281374238571
7,015,0.11,0.23,0.11,0.17,0.08485281374238571
8,015,0.11,0.23,0.11,0.17,0.08485281374238571
9,015,0.11,0.23,0.11,0.17,0.08485281374238571
10,015,0.11,0.23,0.11,0.17,0.08485281374238571
11,015,0.11,0.23,0.11,0.17,0.08485281374238571
12,015,0.11,0.23,0.11,0.17,0.08485281374238571
13,015,0.11,0.23,0.11,0.17,0.08485281374238571
14,015,0.8,0.8,0.11,0.38,0.36864617182333526
15,015,0.8,0.8,0.11,0.38,0.36864617182333526
16,015,0.8,0.8,0.11,0.38,0.36864617182333526
17,015,0.8,0.8,0.11,0.38,0.36864617182333526
18,015,0.8,0.8,0.11,0.38,0.36864617182333526
19,015,0.8,0.8,0.11,0.38,0.36864617182333526
20,015,0.8,0.8,0.11,0.38,0.36864617182333526
21,015,0.8,0.8,0.11,0.38,0.36864617182333526
22,015,0.8,0.8,0.11,0.38,0.36864617182333526
23,015,0.8,0.8,0.11,0.38,0.36864617182333526
24,015,0.8,0.8,0.11,0.38,0.36864617182333526
25,015,0.8,0.8,0.11,0.38,0.36864617182333526
26,015,0.8,0.8,0.11,0.38,0.36864617182333526
27,015,0.8,0.8,0.11,0.38,0.36864617182333526
28,015,0.8,0.8,0.11,0.38,0.36864617182333526
29,015,0.8,0.8,0.11,0.38,0.36864617182333526
30,015,0.23,0.8,0.11,0.3425,0.310201547384922
31,015,0.23,0.8,0.11,0.3425,0.310201547384922
32,015,0.23,0.8,0.11,0.3425,0.310201547384922
33,015,0.23,0.8,0.11,0.3425,0.310201547384922
34,015,0.04,0.8,0.04,0.28200000000000003,0.30078231330980887
35,015,0.04,0.8,0.04,0.28200000000000003,0.30078231330980887
36,015,0.04,0.8,0.04,0.28200000000000003,0.30078231330980887
37,015,0.04,0.8,0.04,0.28200000000000003,0.30078231330980887
38,015,0.04,0.8,0.04,0.28200000000000003,0.30078231330980887
39,015,0.04,0.8,0.04,0.28200000000000003,0.30078231330980887
40,015,0.02,0.8,0.02,0.23833333333333334,0.28951108211373655
41,015,0.02,0.8,0.02,0.23833333333333334,0.28951108211373655
42,015,0.02,0.8,0.02,0.23833333333333334,0.28951108211373655
43,015,0.02,0.8,0.02,0.23833333333333334,0.28951108211373655
44,015,0.02,0.8,0.02,0.23833333333333334,0.28951108211373655
45,015,0.02,0.8,0.02,0.23833333333333334,0.28951108211373655
46,015,0.02,0.8,0.02,0.23833333333333334,0.28951108211373655
47,015,0.02,0.8,0.02,0.23833333333333334,0.28951108211373655
48,015,0.02,0.8,0.02,0.23833333333333334,0.28951108211373655
49,015,0.02,0.8,0.02,0.23833333333333334,0.28951108211373655
50,015,0.02,0.8,0.02,0.23833333333333334,0.28951108211373655
51,015,0.02,0.8,0.02,0.23833333333333334,0.28951108211373655
52,015,0.02,0.8,0.02,0.23833333333333334,0.28951108211373655
53,015,0.02,0.8,0.02,0.23833333333333334,0.28951108211373655
54,015,0.02,0.8,0.02,0.23833333333333334,0.28951108211373655
55,015,0.26,0.8,0.02,0.24142857142857144,0.26441309671475377
56,015,0.26,0.8,0.02,0.24142857142857144,0.26441309671475377
57,015,0.26,0.8,0.02,0.24142857142857144,0.26441309671475377
58,015,0.26,0.8,0.02,0.24142857142857144,0.26441309671475377
59,015,0.26,0.8,0.02,0.24142857142857144,0.26441309671475377
60,015,0.26,0.8,0.02,0.24142857142857144,0.26441309671475377
61,015,0.26,0.8,0.02,0.24142857142857144,0.26441309671475377
62,015,0.26,0.8,0.02,0.24142857142857144,0.26441309671475377
63,015,0.26,0.8,0.02,0.24142857142857144,0.26441309671475377
64,015,0.26,0.8,0.02,0.24142857142857144,0.26441309671475377
65,015,0.26,0.8,0.02,0.24142857142857144,0.26441309671475377
66,015,0.26,0.8,0.02,0.24142857142857144,0.26441309671475377
67,015,0.26,0.8,0.02,0.24142857142857144,0.26441309671475377
68,015,0.26,0.8,0.02,0.24142857142857144,0.26441309671475377
69,015,0.26,0.8,0.02,0.24142857142857144,0.26441309671475377
70,015,0.26,0.8,0.02,0.24142857142857144,0.26441309671475377
71,015,0.26,0.8,0.02,0.24142857142857144,0.26441309671475377
72,015,0.26,0.8,0.02,0.24142857142857144,0.26441309671475377
73,015,0.26,0.8,0.02,0.24142857142857144,0.26441309671475377
74,015,0.26,0.8,0.02,0.24142857142857144,0.26441309671475377
75,015,0.26,0.8,0.02,0.24142857142857144,0.26441309671475377
76,015,0.26,0.8,0.02,0.24142857142857144,0.26441309671475377
77,015,0.26,0.8,0.02,0.24142857142857144,0.26441309671475377
78,015,0.26,0.8,0.02,0.24142857142857144,0.26441309671475377
79,015,0.26,0.8,0.02,0.24142857142857144,0.26441309671475377
80,015,0.26,0.8,0.02,0.24142857142857144,0.26441309671475377
81,015,0.26,0.8,0.02,0.24142857142857144,0.26441309671475377
82,015,0.26,0.8,0.02,0.24142857142857144,0.26441309671475377
1,001,0.0,0.0,0.0,0.0,0.0
2,001,0.02,0.02,0.02,0.02,0.02
3,001,0.24,0.24,0.02,0.13,0.15556349186104043
4,001,0.24,0.24,0.02,0.13,0.15556349186104043
5,001,0.24,0.24,0.02,0.13,0.15556349186104043
6,001,0.24,0.24,0.02,0.13,0.15556349186104043
7,001,0.01,0.24,0.01,0.09,0.13
8,001,0.01,0.24,0.01,0.09,0.13
9,001,0.01,0.24,0.01,0.09,0.13
10,001,0.01,0.24,0.01,0.09,0.13
11,001,0.01,0.24,0.01,0.09,0.13
12,001,0.01,0.24,0.01,0.09,0.13
13,001,0.01,0.24,0.01,0.09,0.13
14,001,0.06,0.24,0.01,0.0825,0.10719919153924
15,001,0.06,0.24,0.01,0.0825,0.10719919153924
16,001,0.06,0.24,0.01,0.0825,0.10719919153924
17,001,0.06,0.24,0.01,0.0825,0.10719919153924
18,001,0.06,0.24,0.01,0.0825,0.10719919153924
19,001,0.06,0.24,0.01,0.0825,0.10719919153924
20,001,0.06,0.24,0.01,0.0825,0.10719919153924
21,001,0.06,0.24,0.01,0.0825,0.10719919153924
22,001,0.06,0.24,0.01,0.0825,0.10719919153924
23,001,0.06,0.24,0.01,0.0825,0.10719919153924
1,013,0.0,0.0,0.0,0.0,0.0
2,013,0.0,0.0,0.0,0.0,0.0
3,013,0.99,0.99,0.99,0.99,0.99
4,013,0.75,0.99,0.75,0.87,0.16970562748477142
5,013,0.75,0.99,0.75,0.87,0.16970562748477142
6,013,0.75,0.99,0.75,0.87,0.16970562748477142
7,013,0.75,0.99,0.75,0.87,0.16970562748477142
8,013,0.75,0.99,0.75,0.87,0.16970562748477142
9,013,0.75,0.99,0.75,0.87,0.16970562748477142
10,013,0.75,0.99,0.75,0.87,0.16970562748477142
11,013,0.75,0.99,0.75,0.87,0.16970562748477142
12,013,0.75,0.99,0.75,0.87,0.16970562748477142
13,013,0.75,0.99,0.75,0.87,0.16970562748477142
14,013,0.75,0.99,0.75,0.87,0.16970562748477142
15,013,0.75,0.99,0.75,0.87,0.16970562748477142
16,013,0.75,0.99,0.75,0.87,0.16970562748477142
17,013,0.75,0.99,0.75,0.87,0.16970562748477142
18,013,0.75,0.99,0.75,0.87,0.16970562748477142
19,013,0.75,0.99,0.75,0.87,0.16970562748477142
20,013,0.85,0.99,0.75,0.8633333333333333,0.12055427546683417
21,013,0.74,0.99,0.74,0.8325,0.11615363389350618
22,013,0.74,0.99,0.74,0.8325,0.11615363389350618
23,013,0.74,0.99,0.74,0.8325,0.11615363389350618
24,013,0.74,0.99,0.74,0.8325,0.11615363389350618
25,013,0.74,0.99,0.74,0.8325,0.11615363389350618
26,013,0.74,0.99,0.74,0.8325,0.11615363389350618
27,013,0.75,0.99,0.74,0.816,0.10714476188783098
28,013,0.75,0.99,0.74,0.816,0.10714476188783098
29,013,0.75,0.99,0.74,0.816,0.10714476188783098
30,013,0.75,0.99,0.74,0.816,0.10714476188783098
31,013,0.75,0.99,0.74,0.816,0.10714476188783098
32,013,0.75,0.99,0.74,0.816,0.10714476188783098
33,013,0.75,0.99,0.74,0.816,0.10714476188783098
34,013,0.75,0.99,0.74,0.816,0.10714476188783098
35,013,0.75,0.99,0.74,0.816,0.10714476188783098
36,013,0.75,0.99,0.74,0.816,0.10714476188783098
37,013,0.75,0.99,0.74,0.8049999999999999,0.09954898291795852
38,013,0.75,0.99,0.74,0.8049999999999999,0.09954898291795852
39,013,0.75,0.99,0.74,0.8049999999999999,0.09954898291795852
40,013,0.75,0.99,0.74,0.8049999999999999,0.09954898291795852
41,013,0.75,0.99,0.74,0.8049999999999999,0.09954898291795852
42,013,0.75,0.99,0.74,0.8049999999999999,0.09954898291795852
43,013,0.25,0.99,0.25,0.7257142857142858,0.22860862792533612
44,013,0.25,0.99,0.25,0.7257142857142858,0.22860862792533612
45,013,0.25,0.99,0.25,0.7257142857142858,0.22860862792533612
46,013,0.25,0.99,0.25,0.7257142857142858,0.22860862792533612
47,013,0.82,0.99,0.25,0.7375,0.21425952220879904
48,013,0.82,0.99,0.25,0.7375,0.21425952220879904
49,013,0.82,0.99,0.25,0.7375,0.21425952220879904
50,013,0.7,0.99,0.25,0.7333333333333333,0.20081085628023201
51,013,0.7,0.99,0.25,0.7333333333333333,0.20081085628023201
52,013,0.7,0.99,0.25,0.7333333333333333,0.20081085628023201
53,013,0.7,0.99,0.25,0.7333333333333333,0.20081085628023201
54,013,0.7,0.99,0.25,0.7333333333333333,0.20081085628023201
55,013,0.7,0.99,0.25,0.7333333333333333,0.20081085628023201
56,013,0.7,0.99,0.25,0.7333333333333333,0.20081085628023201
57,013,0.05,0.99,0.05,0.665,0.28729582121724095
58,013,0.05,0.99,0.05,0.665,0.28729582121724095
59,013,0.05,0.99,0.05,0.665,0.28729582121724095
60,013,0.05,0.99,0.05,0.665,0.28729582121724095
61,013,0.05,0.99,0.05,0.665,0.28729582121724095
62,013,0.05,0.99,0.05,0.665,0.28729582121724095
63,013,0.05,0.99,0.05,0.665,0.28729582121724095
64,013,0.92,0.99,0.05,0.6881818181818182,0.2831896248741532
65,013,0.92,0.99,0.05,0.6881818181818182,0.2831896248741532
66,013,0.92,0.99,0.05,0.6881818181818182,0.2831896248741532
67,013,0.92,0.99,0.05,0.6881818181818182,0.2831896248741532
68,013,0.92,0.99,0.05,0.6881818181818182,0.2831896248741532
69,013,0.92,0.99,0.05,0.6881818181818182,0.2831896248741532
70,013,0.92,0.99,0.05,0.6881818181818182,0.2831896248741532
71,013,0.92,0.99,0.05,0.6881818181818182,0.2831896248741532
72,013,0.92,0.99,0.05,0.6881818181818182,0.2831896248741532
73,013,0.84,0.99,0.05,0.7008333333333333,0.27354435682630185
74,013,0.84,0.99,0.05,0.7008333333333333,0.27354435682630185
75,013,0.84,0.99,0.05,0.7008333333333333,0.27354435682630185
76,013,0.84,0.99,0.05,0.7008333333333333,0.27354435682630185
77,013,0.84,0.99,0.05,0.7008333333333333,0.27354435682630185
78,013,0.24,0.99,0.05,0.6653846153846154,0.29142224190497723
79,013,0.24,0.99,0.05,0.6653846153846154,0.29142224190497723
80,013,0.24,0.99,0.05,0.6653846153846154,0.29142224190497723
81,013,0.24,0.99,0.05,0.6653846153846154,0.29142224190497723
82,013,0.24,0.99,0.05,0.6653846153846154,0.29142224190497723
83,013,0.28,0.99,0.05,0.6378571428571429,0.2983332821740599
84,013,0.28,0.99,0.05,0.6378571428571429,0.2983332821740599
85,013,0.28,0.99,0.05,0.6378571428571429,0.2983332821740599
86,013,0.28,0.99,0.05,0.6378571428571429,0.2983332821740599
87,013,0.89,0.99,0.05,0.6546666666666666,0.2947605969660964
88,013,0.89,0.99,0.05,0.6546666666666666,0.2947605969660964
89,013,0.89,0.99,0.05,0.6546666666666666,0.2947605969660964
90,013,0.89,0.99,0.05,0.6546666666666666,0.2947605969660964
91,013,0.89,0.99,0.05,0.6546666666666666,0.2947605969660964
92,013,0.89,0.99,0.05,0.6546666666666666,0.2947605969660964
93,013,0.89,0.99,0.05,0.6546666666666666,0.2947605969660964
94,013,0.12,0.99,0.05,0.62125,0.3145764348029479
95,013,0.12,0.99,0.05,0.62125,0.3145764348029479
96,013,0.12,0.99,0.05,0.62125,0.3145764348029479
97,013,0.12,0.99,0.05,0.62125,0.3145764348029479
98,013,0.76,0.99,0.05,0.6294117647058823,0.30644066693724115
99,013,0.76,0.99,0.05,0.6294117647058823,0.30644066693724115
100,013,0.76,0.99,0.05,0.6294117647058823,0.30644066693724115
101,013,0.76,0.99,0.05,0.6294117647058823,0.30644066693724115
102,013,1.0,1.0,0.05,0.65,0.3098576523274556
103,013,1.0,1.0,0.05,0.65,0.3098576523274556
104,013,1.0,1.0,0.05,0.65,0.3098576523274556
105,013,1.0,1.0,0.05,0.65,0.3098576523274556
106,013,1.0,1.0,0.05,0.65,0.3098576523274556
107,013,1.0,1.0,0.05,0.65,0.3098576523274556
108,013,1.0,1.0,0.05,0.65,0.3098576523274556
109,013,1.0,1.0,0.05,0.65,0.3098576523274556
110,013,1.0,1.0,0.05,0.65,0.3098576523274556
111,013,1.0,1.0,0.05,0.65,0.3098576523274556
112,013,0.19,1.0,0.05,0.6257894736842106,0.31908403263566937
113,013,0.19,1.0,0.05,0.6257894736842106,0.31908403263566937
114,013,0.19,1.0,0.05,0.6257894736842106,0.31908403263566937
115,013,0.19,1.0,0.05,0.6257894736842106,0.31908403263566937
116,013,0.84,1.0,0.05,0.6365,0.31424554596349447
117,013,0.84,1.0,0.05,0.6365,0.31424554596349447
118,013,0.84,1.0,0.05,0.6365,0.31424554596349447
119,013,0.84,1.0,0.05,0.6365,0.31424554596349447
120,013,0.84,1.0,0.05,0.6365,0.31424554596349447
121,013,0.84,1.0,0.05,0.6365,0.31424554596349447
122,013,0.84,1.0,0.05,0.6365,0.31424554596349447
123,013,0.84,1.0,0.05,0.6365,0.31424554596349447
124,013,0.84,1.0,0.05,0.6365,0.31424554596349447
125,013,0.84,1.0,0.05,0.6365,0.31424554596349447
126,013,0.84,1.0,0.05,0.6365,0.31424554596349447
127,013,0.84,1.0,0.05,0.6365,0.31424554596349447
128,013,0.84,1.0,0.05,0.6365,0.31424554596349447
129,013,0.84,1.0,0.05,0.6365,0.31424554596349447
130,013,0.84,1.0,0.05,0.6365,0.31424554596349447
131,013,0.84,1.0,0.05,0.6365,0.31424554596349447
1,005,0.0,0.0,0.0,0.0,0.0
2,005,0.0,0.0,0.0,0.0,0.0
3,005,0.0,0.0,0.0,0.0,0.0
4,005,0.0,0.0,0.0,0.0,0.0
5,005,0.0,0.0,0.0,0.0,0.0
6,005,0.0,0.0,0.0,0.0,0.0
7,005,0.0,0.0,0.0,0.0,0.0
8,005,0.0,0.0,0.0,0.0,0.0
9,005,0.0,0.0,0.0,0.0,0.0
10,005,0.0,0.0,0.0,0.0,0.0
11,005,0.94,0.94,0.94,0.94,0.94
12,005,0.21,0.94,0.21,0.575,0.5161879502661797
13,005,0.21,0.94,0.21,0.575,0.5161879502661797
14,005,0.21,0.94,0.21,0.575,0.5161879502661797
15,005,0.21,0.94,0.21,0.575,0.5161879502661797
16,005,0.21,0.94,0.21,0.575,0.5161879502661797
17,005,0.21,0.94,0.21,0.575,0.5161879502661797
18,005,0.21,0.94,0.21,0.575,0.5161879502661797
19,005,0.21,0.94,0.21,0.575,0.5161879502661797
20,005,0.21,0.94,0.21,0.575,0.5161879502661797
21,005,0.21,0.94,0.21,0.575,0.5161879502661797
22,005,0.21,0.94,0.21,0.575,0.5161879502661797
23,005,0.21,0.94,0.21,0.575,0.5161879502661797
24,005,0.21,0.94,0.21,0.575,0.5161879502661797
25,005,0.21,0.94,0.21,0.575,0.5161879502661797
26,005,0.97,0.97,0.21,0.7066666666666667,0.4303874223688854
27,005,0.97,0.97,0.21,0.7066666666666667,0.4303874223688854
28,005,0.97,0.97,0.21,0.7066666666666667,0.4303874223688854
29,005,0.97,0.97,0.21,0.7066666666666667,0.4303874223688854
30,005,0.84,0.97,0.21,0.74,0.3576776947662984
31,005,0.84,0.97,0.21,0.74,0.3576776947662984
32,005,0.84,0.97,0.21,0.74,0.3576776947662984
33,005,0.84,0.97,0.21,0.74,0.3576776947662984
34,005,0.84,0.97,0.21,0.74,0.3576776947662984
35,005,0.84,0.97,0.21,0.74,0.3576776947662984
36,005,0.84,0.97,0.21,0.74,0.3576776947662984
37,005,0.84,0.97,0.21,0.74,0.3576776947662984
38,005,0.84,0.97,0.21,0.74,0.3576776947662984
39,005,0.83,0.97,0.21,0.758,0.3123619695161369
40,005,0.83,0.97,0.21,0.758,0.3123619695161369
41,005,0.83,0.97,0.21,0.758,0.3123619695161369
42,005,0.83,0.97,0.21,0.758,0.3123619695161369
43,005,0.83,0.97,0.21,0.758,0.3123619695161369
44,005,0.83,0.97,0.21,0.758,0.3123619695161369
45,005,0.83,0.97,0.21,0.758,0.3123619695161369
46,005,0.83,0.97,0.21,0.758,0.3123619695161369
47,005,0.83,0.97,0.21,0.758,0.3123619695161369
48,005,0.83,0.97,0.21,0.758,0.3123619695161369
49,005,0.83,0.97,0.21,0.758,0.3123619695161369
50,005,0.85,0.97,0.21,0.7733333333333333,0.28189832682487964
51,005,0.85,0.97,0.21,0.7733333333333333,0.28189832682487964
52,005,0.85,0.97,0.21,0.7733333333333333,0.28189832682487964
53,005,0.77,0.97,0.21,0.7728571428571428,0.2573398716169135
54,005,0.77,0.97,0.21,0.7728571428571428,0.2573398716169135
55,005,0.77,0.97,0.21,0.7728571428571428,0.2573398716169135
56,005,0.77,0.97,0.21,0.7728571428571428,0.2573398716169135
57,005,0.77,0.97,0.21,0.7728571428571428,0.2573398716169135
58,005,0.77,0.97,0.21,0.7728571428571428,0.2573398716169135
59,005,0.86,0.97,0.21,0.78375,0.2402342606707045
60,005,0.86,0.97,0.21,0.78375,0.2402342606707045
61,005,0.86,0.97,0.21,0.78375,0.2402342606707045
62,005,0.83,0.97,0.21,0.7888888888888889,0.22524677824801648
63,005,0.83,0.97,0.21,0.7888888888888889,0.22524677824801648
64,005,0.83,0.97,0.21,0.7888888888888889,0.22524677824801648
65,005,0.19,0.97,0.19,0.729,0.2845444702600202
66,005,0.19,0.97,0.19,0.729,0.2845444702600202
67,005,0.19,0.97,0.19,0.729,0.2845444702600202
68,005,0.19,0.97,0.19,0.729,0.2845444702600202
69,005,0.19,0.97,0.19,0.729,0.2845444702600202
70,005,0.19,0.97,0.19,0.729,0.2845444702600202
71,005,0.19,0.97,0.19,0.729,0.2845444702600202
72,005,0.19,0.97,0.19,0.729,0.2845444702600202
73,005,0.19,0.97,0.19,0.729,0.2845444702600202
74,005,0.19,0.97,0.19,0.729,0.2845444702600202
75,005,0.19,0.97,0.19,0.729,0.2845444702600202
76,005,0.19,0.97,0.19,0.729,0.2845444702600202
77,005,0.19,0.97,0.19,0.729,0.2845444702600202
78,005,0.84,0.97,0.19,0.739090909090909,0.2720093581277874
79,005,0.84,0.97,0.19,0.739090909090909,0.2720093581277874
80,005,0.84,0.97,0.19,0.739090909090909,0.2720093581277874
81,005,0.84,0.97,0.19,0.739090909090909,0.2720093581277874
82,005,0.77,0.97,0.19,0.7416666666666667,0.25950418925794677
83,005,0.77,0.97,0.19,0.7416666666666667,0.25950418925794677
84,005,0.77,0.97,0.19,0.7416666666666667,0.25950418925794677
85,005,0.77,0.97,0.19,0.7416666666666667,0.25950418925794677
86,005,0.77,0.97,0.19,0.7416666666666667,0.25950418925794677
87,005,0.77,0.97,0.19,0.7416666666666667,0.25950418925794677
88,005,0.8,0.97,0.19,0.7461538461538462,0.24898254495507852
89,005,0.8,0.97,0.19,0.7461538461538462,0.24898254495507852
90,005,0.8,0.97,0.19,0.7461538461538462,0.24898254495507852
91,005,0.89,0.97,0.19,0.7564285714285715,0.24228423050551257
92,005,0.89,0.97,0.19,0.7564285714285715,0.24228423050551257
93,005,0.89,0.97,0.19,0.7564285714285715,0.24228423050551257
94,005,0.89,0.97,0.19,0.7564285714285715,0.24228423050551257
95,005,0.89,0.97,0.19,0.7564285714285715,0.24228423050551257
96,005,0.89,0.97,0.19,0.7564285714285715,0.24228423050551257
97,005,0.5,0.97,0.19,0.7393333333333333,0.24267752461318073
98,005,0.5,0.97,0.19,0.7393333333333333,0.24267752461318073
99,005,0.5,0.97,0.19,0.7393333333333333,0.24267752461318073
100,005,0.5,0.97,0.19,0.7393333333333333,0.24267752461318073
101,005,0.5,0.97,0.19,0.7393333333333333,0.24267752461318073
102,005,0.5,0.97,0.19,0.7393333333333333,0.24267752461318073
103,005,0.5,0.97,0.19,0.7393333333333333,0.24267752461318073
104,005,0.5,0.97,0.19,0.7393333333333333,0.24267752461318073
105,005,0.5,0.97,0.19,0.7393333333333333,0.24267752461318073
106,005,0.5,0.97,0.19,0.7393333333333333,0.24267752461318073
107,005,0.5,0.97,0.19,0.7393333333333333,0.24267752461318073
108,005,0.5,0.97,0.19,0.7393333333333333,0.24267752461318073
109,005,0.5,0.97,0.19,0.7393333333333333,0.24267752461318073
110,005,0.5,0.97,0.19,0.7393333333333333,0.24267752461318073
111,005,0.5,0.97,0.19,0.7393333333333333,0.24267752461318073
112,005,0.5,0.97,0.19,0.7393333333333333,0.24267752461318073
113,005,0.5,0.97,0.19,0.7393333333333333,0.24267752461318073
114,005,0.5,0.97,0.19,0.7393333333333333,0.24267752461318073
115,005,0.5,0.97,0.19,0.7393333333333333,0.24267752461318073
116,005,0.23,0.97,0.19,0.7075,0.26679580206592457
117,005,0.23,0.97,0.19,0.7075,0.26679580206592457
118,005,0.23,0.97,0.19,0.7075,0.26679580206592457
119,005,0.23,0.97,0.19,0.7075,0.26679580206592457
120,005,0.23,0.97,0.19,0.7075,0.26679580206592457
121,005,0.92,0.97,0.19,0.72,0.26341507170243694
122,005,0.92,0.97,0.19,0.72,0.26341507170243694
123,005,0.92,0.97,0.19,0.72,0.26341507170243694
124,005,0.92,0.97,0.19,0.72,0.26341507170243694
125,005,0.92,0.97,0.19,0.72,0.26341507170243694
126,005,0.92,0.97,0.19,0.72,0.26341507170243694
127,005,0.92,0.97,0.19,0.72,0.26341507170243694
128,005,0.92,0.97,0.19,0.72,0.26341507170243694
129,005,0.92,0.97,0.19,0.72,0.26341507170243694
130,005,0.92,0.97,0.19,0.72,0.26341507170243694
131,005,0.92,0.97,0.19,0.72,0.26341507170243694
132,005,0.92,0.97,0.19,0.72,0.26341507170243694
133,005,0.92,0.97,0.19,0.72,0.26341507170243694
134,005,0.92,0.97,0.19,0.72,0.26341507170243694
135,005,0.92,0.97,0.19,0.72,0.26341507170243694
136,005,0.92,0.97,0.19,0.72,0.26341507170243694
137,005,0.92,0.97,0.19,0.72,0.26341507170243694
138,005,0.83,0.97,0.19,0.7261111111111112,0.2568620341256438
139,005,0.83,0.97,0.19,0.7261111111111112,0.2568620341256438
140,005,0.83,0.97,0.19,0.7261111111111112,0.2568620341256438
141,005,0.83,0.97,0.19,0.7261111111111112,0.2568620341256438
142,005,0.83,0.97,0.19,0.7261111111111112,0.2568620341256438
143,005,0.83,0.97,0.19,0.7261111111111112,0.2568620341256438
144,005,0.83,0.97,0.19,0.7261111111111112,0.2568620341256438
145,005,0.83,0.97,0.19,0.7261111111111112,0.2568620341256438
146,005,0.83,0.97,0.19,0.7261111111111112,0.2568620341256438
147,005,0.83,0.97,0.19,0.7261111111111112,0.2568620341256438
148,005,0.83,0.97,0.19,0.7261111111111112,0.2568620341256438
149,005,0.83,0.97,0.19,0.7261111111111112,0.2568620341256438
150,005,0.83,0.97,0.19,0.7261111111111112,0.2568620341256438
151,005,0.83,0.97,0.19,0.7261111111111112,0.2568620341256438
152,005,0.83,0.97,0.19,0.7261111111111112,0.2568620341256438
153,005,0.83,0.97,0.19,0.7261111111111112,0.2568620341256438
154,005,0.83,0.97,0.19,0.7261111111111112,0.2568620341256438
155,005,0.83,0.97,0.19,0.7261111111111112,0.2568620341256438
156,005,0.83,0.97,0.19,0.7261111111111112,0.2568620341256438
1,012,0.75,0.75,0.75,0.75,0.75
2,012,0.02,0.75,0.02,0.385,0.5161879502661797
3,012,0.02,0.75,0.02,0.385,0.5161879502661797
4,012,0.02,0.75,0.02,0.385,0.5161879502661797
5,012,0.02,0.75,0.02,0.385,0.5161879502661797
6,012,0.02,0.75,0.02,0.385,0.5161879502661797
7,012,0.02,0.75,0.02,0.385,0.5161879502661797
8,012,0.02,0.75,0.02,0.385,0.5161879502661797
9,012,0.5,0.75,0.02,0.42333333333333334,0.3709896674212549
10,012,0.5,0.75,0.02,0.42333333333333334,0.3709896674212549
11,012,0.5,0.75,0.02,0.42333333333333334,0.3709896674212549
12,012,0.5,0.75,0.02,0.42333333333333334,0.3709896674212549
13,012,0.5,0.75,0.02,0.42333333333333334,0.3709896674212549
14,012,0.5,0.75,0.02,0.42333333333333334,0.3709896674212549
15,012,0.5,0.75,0.02,0.42333333333333334,0.3709896674212549
16,012,0.5,0.75,0.02,0.42333333333333334,0.3709896674212549
17,012,0.5,0.75,0.02,0.42333333333333334,0.3709896674212549
18,012,0.5,0.75,0.02,0.42333333333333334,0.3709896674212549
19,012,0.5,0.75,0.02,0.42333333333333334,0.3709896674212549
20,012,0.5,0.75,0.02,0.42333333333333334,0.3709896674212549
21,012,0.5,0.75,0.02,0.42333333333333334,0.3709896674212549
22,012,0.5,0.75,0.02,0.42333333333333334,0.3709896674212549
23,012,0.5,0.75,0.02,0.42333333333333334,0.3709896674212549
24,012,0.5,0.75,0.02,0.42333333333333334,0.3709896674212549
25,012,0.5,0.75,0.02,0.42333333333333334,0.3709896674212549
26,012,0.5,0.75,0.02,0.42333333333333334,0.3709896674212549
27,012,0.5,0.75,0.02,0.42333333333333334,0.3709896674212549
28,012,0.5,0.75,0.02,0.42333333333333334,0.3709896674212549
29,012,0.5,0.75,0.02,0.42333333333333334,0.3709896674212549
30,012,0.5,0.75,0.02,0.42333333333333334,0.3709896674212549
31,012,0.5,0.75,0.02,0.42333333333333334,0.3709896674212549
32,012,0.5,0.75,0.02,0.42333333333333334,0.3709896674212549
33,012,0.5,0.75,0.02,0.42333333333333334,0.3709896674212549
34,012,0.5,0.75,0.02,0.42333333333333334,0.3709896674212549
35,012,0.5,0.75,0.02,0.42333333333333334,0.3709896674212549
36,012,0.5,0.75,0.02,0.42333333333333334,0.3709896674212549
37,012,0.73,0.75,0.02,0.5,0.33950945004029953
38,012,0.73,0.75,0.02,0.5,0.33950945004029953
39,012,0.73,0.75,0.02,0.5,0.33950945004029953
40,012,0.73,0.75,0.02,0.5,0.33950945004029953
41,012,0.73,0.75,0.02,0.5,0.33950945004029953
42,012,0.73,0.75,0.02,0.5,0.33950945004029953
43,012,0.73,0.75,0.02,0.5,0.33950945004029953
44,012,0.73,0.75,0.02,0.5,0.33950945004029953
45,012,0.73,0.75,0.02,0.5,0.33950945004029953
46,012,0.05,0.75,0.02,0.41,0.35630043502639736
47,012,0.05,0.75,0.02,0.41,0.35630043502639736
48,012,0.05,0.75,0.02,0.41,0.35630043502639736
49,012,0.05,0.75,0.02,0.41,0.35630043502639736
50,012,0.05,0.75,0.02,0.41,0.35630043502639736
51,012,0.05,0.75,0.02,0.41,0.35630043502639736
52,012,0.77,0.77,0.02,0.47,0.3509415905816807
53,012,0.77,0.77,0.02,0.47,0.3509415905816807
54,012,0.77,0.77,0.02,0.47,0.3509415905816807
55,012,0.77,0.77,0.02,0.47,0.3509415905816807
56,012,0.77,0.77,0.02,0.47,0.3509415905816807
57,012,0.77,0.77,0.02,0.47,0.3509415905816807
58,012,0.77,0.77,0.02,0.47,0.3509415905816807
59,012,0.77,0.77,0.02,0.47,0.3509415905816807
60,012,0.77,0.77,0.02,0.47,0.3509415905816807
61,012,0.77,0.77,0.02,0.47,0.3509415905816807
62,012,0.77,0.77,0.02,0.47,0.3509415905816807
63,012,0.77,0.77,0.02,0.47,0.3509415905816807
64,012,0.77,0.77,0.02,0.47,0.3509415905816807
65,012,0.77,0.77,0.02,0.47,0.3509415905816807
66,012,0.5,0.77,0.02,0.4742857142857143,0.3205649774412432
67,012,0.5,0.77,0.02,0.4742857142857143,0.3205649774412432
68,012,0.5,0.77,0.02,0.4742857142857143,0.3205649774412432
69,012,0.5,0.77,0.02,0.4742857142857143,0.3205649774412432
70,012,0.5,0.77,0.02,0.4742857142857143,0.3205649774412432
71,012,0.5,0.77,0.02,0.4742857142857143,0.3205649774412432
72,012,0.86,0.86,0.02,0.5225,0.3266168572327084
73,012,0.86,0.86,0.02,0.5225,0.3266168572327084
74,012,0.86,0.86,0.02,0.5225,0.3266168572327084
75,012,0.86,0.86,0.02,0.5225,0.3266168572327084
76,012,0.86,0.86,0.02,0.5225,0.3266168572327084
77,012,0.86,0.86,0.02,0.5225,0.3266168572327084
78,012,0.86,0.86,0.02,0.5225,0.3266168572327084
79,012,0.86,0.86,0.02,0.5225,0.3266168572327084
80,012,0.86,0.86,0.02,0.5225,0.3266168572327084
81,012,0.86,0.86,0.02,0.5225,0.3266168572327084
82,012,0.86,0.86,0.02,0.5225,0.3266168572327084
83,012,0.86,0.86,0.02,0.5225,0.3266168572327084
84,012,0.18,0.86,0.02,0.48444444444444446,0.3261560635306015
85,012,0.18,0.86,0.02,0.48444444444444446,0.3261560635306015
86,012,0.18,0.86,0.02,0.48444444444444446,0.3261560635306015
87,012,0.18,0.86,0.02,0.48444444444444446,0.3261560635306015
88,012,0.18,0.86,0.02,0.48444444444444446,0.3261560635306015
89,012,0.0,0.86,0.0,0.436,0.3435500933876553
90,012,0.0,0.86,0.0,0.436,0.3435500933876553
91,012,0.0,0.86,0.0,0.436,0.3435500933876553
92,012,0.79,0.86,0.0,0.4681818181818182,0.3429524218260656
93,012,0.79,0.86,0.0,0.4681818181818182,0.3429524218260656
94,012,0.79,0.86,0.0,0.4681818181818182,0.3429524218260656
95,012,0.79,0.86,0.0,0.4681818181818182,0.3429524218260656
96,012,0.79,0.86,0.0,0.4681818181818182,0.3429524218260656
97,012,0.79,0.86,0.0,0.4681818181818182,0.3429524218260656
98,012,0.17,0.86,0.0,0.44333333333333336,0.33813212407775356
99,012,0.17,0.86,0.0,0.44333333333333336,0.33813212407775356
100,012,0.17,0.86,0.0,0.44333333333333336,0.33813212407775356
101,012,0.17,0.86,0.0,0.44333333333333336,0.33813212407775356
102,012,0.17,0.86,0.0,0.44333333333333336,0.33813212407775356
103,012,0.5,0.86,0.0,0.44769230769230767,0.32411813294316644
104,012,0.5,0.86,0.0,0.44769230769230767,0.32411813294316644
105,012,0.5,0.86,0.0,0.44769230769230767,0.32411813294316644
106,012,0.5,0.86,0.0,0.44769230769230767,0.32411813294316644
107,012,0.5,0.86,0.0,0.44769230769230767,0.32411813294316644
108,012,0.5,0.86,0.0,0.44769230769230767,0.32411813294316644
109,012,0.5,0.86,0.0,0.44769230769230767,0.32411813294316644
110,012,0.5,0.86,0.0,0.44769230769230767,0.32411813294316644
111,012,0.5,0.86,0.0,0.44769230769230767,0.32411813294316644
112,012,0.5,0.86,0.0,0.44769230769230767,0.32411813294316644
113,012,0.5,0.86,0.0,0.44769230769230767,0.32411813294316644
114,012,0.18,0.86,0.0,0.42857142857142855,0.3195154298153845
115,012,0.18,0.86,0.0,0.42857142857142855,0.3195154298153845
116,012,0.18,0.86,0.0,0.42857142857142855,0.3195154298153845
117,012,0.18,0.86,0.0,0.42857142857142855,0.3195154298153845
118,012,0.18,0.86,0.0,0.42857142857142855,0.3195154298153845
119,012,0.18,0.86,0.0,0.42857142857142855,0.3195154298153845
120,012,0.18,0.86,0.0,0.42857142857142855,0.3195154298153845
121,012,0.18,0.86,0.0,0.42857142857142855,0.3195154298153845
122,012,0.18,0.86,0.0,0.42857142857142855,0.3195154298153845
123,012,0.18,0.86,0.0,0.42857142857142855,0.3195154298153845
124,012,0.18,0.86,0.0,0.42857142857142855,0.3195154298153845
125,012,0.18,0.86,0.0,0.42857142857142855,0.3195154298153845
126,012,0.18,0.86,0.0,0.42857142857142855,0.3195154298153845
127,012,0.18,0.86,0.0,0.42857142857142855,0.3195154298153845
128,012,0.75,0.86,0.0,0.45,0.31888197547950914
129,012,0.75,0.86,0.0,0.45,0.31888197547950914
130,012,0.75,0.86,0.0,0.45,0.31888197547950914
131,012,0.75,0.86,0.0,0.45,0.31888197547950914
132,012,0.75,0.86,0.0,0.45,0.31888197547950914
133,012,0.75,0.86,0.0,0.45,0.31888197547950914
134,012,0.75,0.86,0.0,0.45,0.31888197547950914
135,012,0.75,0.86,0.0,0.45,0.31888197547950914
136,012,0.75,0.86,0.0,0.45,0.31888197547950914
137,012,0.13,0.86,0.0,0.43,0.31828708215487894
138,012,0.13,0.86,0.0,0.43,0.31828708215487894
139,012,0.13,0.86,0.0,0.43,0.31828708215487894
140,012,0.13,0.86,0.0,0.43,0.31828708215487894
141,012,0.13,0.86,0.0,0.43,0.31828708215487894
142,012,0.13,0.86,0.0,0.43,0.31828708215487894
1,004,0.0,0.0,0.0,0.0,0.0
2,004,0.0,0.0,0.0,0.0,0.0
3,004,0.0,0.0,0.0,0.0,0.0
4,004,0.0,0.0,0.0,0.0,0.0
5,004,0.0,0.0,0.0,0.0,0.0
6,004,0.0,0.0,0.0,0.0,0.0
7,004,0.77,0.77,0.77,0.77,0.77
8,004,0.06,0.77,0.06,0.41500000000000004,0.5020458146424487
9,004,0.06,0.77,0.06,0.41500000000000004,0.5020458146424487
10,004,0.06,0.77,0.06,0.41500000000000004,0.5020458146424487
11,004,0.06,0.77,0.06,0.41500000000000004,0.5020458146424487
12,004,0.82,0.82,0.06,0.55,0.42508822613664565
13,004,0.82,0.82,0.06,0.55,0.42508822613664565
14,004,0.82,0.82,0.06,0.55,0.42508822613664565
15,004,0.82,0.82,0.06,0.55,0.42508822613664565
16,004,0.82,0.82,0.06,0.55,0.42508822613664565
17,004,0.82,0.82,0.06,0.55,0.42508822613664565
18,004,0.82,0.82,0.06,0.55,0.42508822613664565
19,004,0.5,0.82,0.06,0.5375,0.3479822792423009
20,004,0.5,0.82,0.06,0.5375,0.3479822792423009
21,004,0.5,0.82,0.06,0.5375,0.3479822792423009
22,004,0.5,0.82,0.06,0.5375,0.3479822792423009
23,004,0.5,0.82,0.06,0.53,0.30182776545573137
24,004,0.5,0.82,0.06,0.53,0.30182776545573137
25,004,0.5,0.82,0.06,0.53,0.30182776545573137
26,004,0.5,0.82,0.06,0.53,0.30182776545573137
27,004,0.5,0.82,0.06,0.53,0.30182776545573137
28,004,0.5,0.82,0.06,0.53,0.30182776545573137
29,004,0.5,0.82,0.06,0.53,0.30182776545573137
30,004,0.5,0.82,0.06,0.53,0.30182776545573137
31,004,0.5,0.82,0.06,0.53,0.30182776545573137
32,004,0.5,0.82,0.06,0.53,0.30182776545573137
33,004,0.5,0.82,0.06,0.53,0.30182776545573137
34,004,0.5,0.82,0.06,0.53,0.30182776545573137
35,004,0.5,0.82,0.06,0.53,0.30182776545573137
36,004,0.16,0.82,0.06,0.4683333333333333,0.30934877835004726
37,004,0.16,0.82,0.06,0.4683333333333333,0.30934877835004726
38,004,0.16,0.82,0.06,0.4683333333333333,0.30934877835004726
39,004,0.16,0.82,0.06,0.4683333333333333,0.30934877835004726
40,004,0.16,0.82,0.06,0.4683333333333333,0.30934877835004726
41,004,0.16,0.82,0.06,0.4683333333333333,0.30934877835004726
42,004,0.16,0.82,0.06,0.4683333333333333,0.30934877835004726
43,004,0.16,0.82,0.06,0.4683333333333333,0.30934877835004726
44,004,0.83,0.83,0.06,0.52,0.31374086972106985
45,004,0.83,0.83,0.06,0.52,0.31374086972106985
46,004,0.83,0.83,0.06,0.52,0.31374086972106985
47,004,0.83,0.83,0.06,0.52,0.31374086972106985
48,004,0.69,0.83,0.06,0.54125,0.29662084985959525
49,004,0.69,0.83,0.06,0.54125,0.29662084985959525
50,004,0.69,0.83,0.06,0.54125,0.29662084985959525
51,004,0.69,0.83,0.06,0.54125,0.29662084985959525
52,004,0.69,0.83,0.06,0.54125,0.29662084985959525
53,004,0.69,0.83,0.06,0.54125,0.29662084985959525
54,004,0.69,0.83,0.06,0.54125,0.29662084985959525
55,004,0.69,0.83,0.06,0.54125,0.29662084985959525
56,004,0.17,0.83,0.06,0.5,0.3038091506192662
57,004,0.17,0.83,0.06,0.5,0.3038091506192662
58,004,0.17,0.83,0.06,0.5,0.3038091506192662
59,004,0.17,0.83,0.06,0.5,0.3038091506192662
60,004,0.16,0.83,0.06,0.46599999999999997,0.3059484342899052
61,004,0.16,0.83,0.06,0.46599999999999997,0.3059484342899052
62,004,0.16,0.83,0.06,0.46599999999999997,0.3059484342899052
63,004,0.16,0.83,0.06,0.46599999999999997,0.3059484342899052
64,004,0.16,0.83,0.06,0.46599999999999997,0.3059484342899052
65,004,0.16,0.83,0.06,0.46599999999999997,0.3059484342899052
66,004,0.16,0.83,0.06,0.46599999999999997,0.3059484342899052
67,004,0.16,0.83,0.06,0.46599999999999997,0.3059484342899052
68,004,0.16,0.83,0.06,0.46599999999999997,0.3059484342899052
69,004,0.16,0.83,0.06,0.46599999999999997,0.3059484342899052
70,004,0.16,0.83,0.06,0.46599999999999997,0.3059484342899052
71,004,0.73,0.83,0.06,0.49,0.3009651142574501
72,004,0.73,0.83,0.06,0.49,0.3009651142574501
73,004,0.5,0.83,0.06,0.49083333333333334,0.2869734968229433
74,004,0.5,0.83,0.06,0.49083333333333334,0.2869734968229433
75,004,0.8,0.83,0.06,0.5146153846153846,0.2878256238481726
76,004,0.8,0.83,0.06,0.5146153846153846,0.2878256238481726
77,004,0.8,0.83,0.06,0.5146153846153846,0.2878256238481726
78,004,0.5,0.83,0.06,0.5135714285714286,0.27656150082081876
79,004,0.5,0.83,0.06,0.5135714285714286,0.27656150082081876
80,004,0.5,0.83,0.06,0.5135714285714286,0.27656150082081876
81,004,0.5,0.83,0.06,0.5135714285714286,0.27656150082081876
82,004,0.5,0.83,0.06,0.5135714285714286,0.27656150082081876
83,004,0.5,0.83,0.06,0.5135714285714286,0.27656150082081876
84,004,0.5,0.83,0.06,0.5135714285714286,0.27656150082081876
85,004,0.5,0.83,0.06,0.5126666666666667,0.2665243667945542
86,004,0.5,0.83,0.06,0.5126666666666667,0.2665243667945542
87,004,0.5,0.83,0.06,0.5126666666666667,0.2665243667945542
88,004,0.5,0.83,0.06,0.5126666666666667,0.2665243667945542
89,004,0.5,0.83,0.06,0.5126666666666667,0.2665243667945542
90,004,0.5,0.83,0.06,0.5126666666666667,0.2665243667945542
91,004,0.5,0.83,0.06,0.5126666666666667,0.2665243667945542
92,004,0.5,0.83,0.06,0.5126666666666667,0.2665243667945542
93,004,0.5,0.83,0.06,0.5126666666666667,0.2665243667945542
94,004,0.5,0.83,0.06,0.5126666666666667,0.2665243667945542
95,004,0.5,0.83,0.06,0.5126666666666667,0.2665243667945542
96,004,0.5,0.83,0.06,0.5126666666666667,0.2665243667945542
97,004,0.5,0.83,0.06,0.5126666666666667,0.2665243667945542
98,004,0.5,0.83,0.06,0.5126666666666667,0.2665243667945542
99,004,0.5,0.83,0.06,0.5126666666666667,0.2665243667945542
100,004,0.5,0.83,0.06,0.5126666666666667,0.2665243667945542
101,004,0.5,0.83,0.06,0.5126666666666667,0.2665243667945542
102,004,0.5,0.83,0.06,0.5126666666666667,0.2665243667945542
103,004,0.5,0.83,0.06,0.5126666666666667,0.2665243667945542
104,004,0.5,0.83,0.06,0.5126666666666667,0.2665243667945542
105,004,0.5,0.83,0.06,0.5126666666666667,0.2665243667945542
106,004,0.0,0.83,0.0,0.48062499999999997,0.2876217133667067
107,004,0.0,0.83,0.0,0.48062499999999997,0.2876217133667067
108,004,0.0,0.83,0.0,0.48062499999999997,0.2876217133667067
109,004,0.0,0.83,0.0,0.48062499999999997,0.2876217133667067
110,004,0.0,0.83,0.0,0.48062499999999997,0.2876217133667067
111,004,0.82,0.83,0.0,0.5005882352941177,0.29039780018612604
112,004,0.82,0.83,0.0,0.5005882352941177,0.29039780018612604
113,004,0.82,0.83,0.0,0.5005882352941177,0.29039780018612604
114,004,0.82,0.83,0.0,0.5005882352941177,0.29039780018612604
115,004,0.82,0.83,0.0,0.5005882352941177,0.29039780018612604
116,004,0.82,0.83,0.0,0.5005882352941177,0.29039780018612604
117,004,0.82,0.83,0.0,0.5005882352941177,0.29039780018612604
118,004,0.79,0.83,0.0,0.5166666666666666,0.28986812417332936
119,004,0.79,0.83,0.0,0.5166666666666666,0.28986812417332936
120,004,0.79,0.83,0.0,0.5166666666666666,0.28986812417332936
121,004,0.79,0.83,0.0,0.5166666666666666,0.28986812417332936
122,004,0.79,0.83,0.0,0.5166666666666666,0.28986812417332936
123,004,0.8,0.83,0.0,0.531578947368421,0.2891032717808395
124,004,0.8,0.83,0.0,0.531578947368421,0.2891032717808395
125,004,0.8,0.83,0.0,0.531578947368421,0.2891032717808395
126,004,0.8,0.83,0.0,0.531578947368421,0.2891032717808395
127,004,0.8,0.83,0.0,0.531578947368421,0.2891032717808395
128,004,0.8,0.83,0.0,0.531578947368421,0.2891032717808395
129,004,0.5,0.83,0.0,0.53,0.2814810454495443
130,004,0.5,0.83,0.0,0.53,0.2814810454495443
131,004,0.5,0.83,0.0,0.53,0.2814810454495443
132,004,0.5,0.83,0.0,0.53,0.2814810454495443
133,004,0.5,0.83,0.0,0.53,0.2814810454495443
134,004,0.5,0.83,0.0,0.53,0.2814810454495443
135,004,0.02,0.83,0.0,0.5057142857142857,0.29606707734179816
136,004,0.02,0.83,0.0,0.5057142857142857,0.29606707734179816
137,004,0.02,0.83,0.0,0.5057142857142857,0.29606707734179816
138,004,0.02,0.83,0.0,0.5057142857142857,0.29606707734179816
139,004,0.02,0.83,0.0,0.5057142857142857,0.29606707734179816
1,008,0.0,0.0,0.0,0.0,0.0
2,008,0.0,0.0,0.0,0.0,0.0
3,008,0.83,0.83,0.83,0.83,0.83
4,008,0.88,0.88,0.83,0.855,0.03535533905932741
5,008,0.88,0.88,0.83,0.855,0.03535533905932741
6,008,0.88,0.88,0.83,0.855,0.03535533905932741
7,008,0.88,0.88,0.83,0.855,0.03535533905932741
8,008,0.91,0.91,0.83,0.8733333333333333,0.040414518843273836
9,008,0.91,0.91,0.83,0.8733333333333333,0.040414518843273836
10,008,0.91,0.91,0.83,0.8733333333333333,0.040414518843273836
11,008,0.91,0.91,0.83,0.8733333333333333,0.040414518843273836
12,008,0.91,0.91,0.83,0.8733333333333333,0.040414518843273836
13,008,0.91,0.91,0.83,0.8733333333333333,0.040414518843273836
14,008,0.91,0.91,0.83,0.8733333333333333,0.040414518843273836
15,008,0.91,0.91,0.83,0.8733333333333333,0.040414518843273836
16,008,0.91,0.91,0.83,0.8733333333333333,0.040414518843273836
17,008,0.91,0.91,0.83,0.8733333333333333,0.040414518843273836
18,008,0.91,0.91,0.83,0.8733333333333333,0.040414518843273836
19,008,0.25,0.91,0.25,0.7175,0.3134086788842964
20,008,0.25,0.91,0.25,0.7175,0.3134086788842964
21,008,0.25,0.91,0.25,0.7175,0.3134086788842964
22,008,0.25,0.91,0.25,0.7175,0.3134086788842964
23,008,0.25,0.91,0.25,0.7175,0.3134086788842964
24,008,0.81,0.91,0.25,0.736,0.2745541840875859
25,008,0.81,0.91,0.25,0.736,0.2745541840875859
26,008,0.5,0.91,0.25,0.6966666666666667,0.26379284802031056
27,008,0.5,0.91,0.25,0.6966666666666667,0.26379284802031056
28,008,0.5,0.91,0.25,0.6966666666666667,0.26379284802031056
29,008,0.5,0.91,0.25,0.6966666666666667,0.26379284802031056
30,008,0.5,0.91,0.25,0.6966666666666667,0.26379284802031056
31,008,0.5,0.91,0.25,0.6966666666666667,0.26379284802031056
32,008,0.5,0.91,0.25,0.6966666666666667,0.26379284802031056
33,008,0.21,0.91,0.21,0.6271428571428571,0.3030244371726636
34,008,0.21,0.91,0.21,0.6271428571428571,0.3030244371726636
35,008,0.21,0.91,0.21,0.6271428571428571,0.3030244371726636
36,008,0.93,0.93,0.21,0.665,0.3002855783607141
37,008,0.93,0.93,0.21,0.665,0.3002855783607141
38,008,0.93,0.93,0.21,0.665,0.3002855783607141
39,008,0.93,0.93,0.21,0.665,0.3002855783607141
40,008,0.93,0.93,0.21,0.665,0.3002855783607141
41,008,0.93,0.93,0.21,0.665,0.3002855783607141
42,008,0.93,0.93,0.21,0.665,0.3002855783607141
43,008,0.86,0.93,0.21,0.6866666666666666,0.2883140648667699
44,008,0.86,0.93,0.21,0.6866666666666666,0.2883140648667699
45,008,0.86,0.93,0.21,0.6866666666666666,0.2883140648667699
46,008,0.86,0.93,0.21,0.6866666666666666,0.2883140648667699
47,008,0.86,0.93,0.21,0.6866666666666666,0.2883140648667699
48,008,0.86,0.93,0.21,0.6866666666666666,0.2883140648667699
49,008,0.86,0.93,0.21,0.6866666666666666,0.2883140648667699
50,008,0.86,0.93,0.21,0.6866666666666666,0.2883140648667699
51,008,0.86,0.93,0.21,0.6866666666666666,0.2883140648667699
52,008,0.19,0.93,0.19,0.637,0.31393736105577924
53,008,0.19,0.93,0.19,0.637,0.31393736105577924
1,003,0.0,0.0,0.0,0.0,0.0
2,003,0.0,0.0,0.0,0.0,0.0
3,003,0.0,0.0,0.0,0.0,0.0
4,003,0.0,0.0,0.0,0.0,0.0
5,003,0.09,0.09,0.09,0.09,0.09
6,003,0.12,0.12,0.09,0.105,0.021213203435596427
7,003,0.12,0.12,0.09,0.105,0.021213203435596427
8,003,0.12,0.12,0.09,0.105,0.021213203435596427
9,003,0.12,0.12,0.09,0.105,0.021213203435596427
10,003,0.12,0.12,0.09,0.105,0.021213203435596427
11,003,0.12,0.12,0.09,0.105,0.021213203435596427
12,003,0.87,0.87,0.09,0.36,0.44192759587968705
13,003,0.87,0.87,0.09,0.36,0.44192759587968705
14,003,0.87,0.87,0.09,0.36,0.44192759587968705
15,003,0.87,0.87,0.09,0.36,0.44192759587968705
16,003,0.87,0.87,0.09,0.36,0.44192759587968705
17,003,0.73,0.87,0.09,0.4525,0.405493526458808
18,003,0.73,0.87,0.09,0.4525,0.405493526458808
19,003,0.73,0.87,0.09,0.4525,0.405493526458808
20,003,0.73,0.87,0.09,0.4525,0.405493526458808
21,003,0.73,0.87,0.09,0.4525,0.405493526458808
22,003,0.73,0.87,0.09,0.4525,0.405493526458808
23,003,0.2,0.87,0.09,0.402,0.3688766731578455
24,003,0.2,0.87,0.09,0.402,0.3688766731578455
25,003,0.2,0.87,0.09,0.402,0.3688766731578455
26,003,0.2,0.87,0.09,0.402,0.3688766731578455
27,003,0.2,0.87,0.09,0.402,0.3688766731578455
28,003,0.2,0.87,0.09,0.402,0.3688766731578455
29,003,0.2,0.87,0.09,0.402,0.3688766731578455
30,003,0.5,0.87,0.09,0.41833333333333333,0.33235021688975425
31,003,0.5,0.87,0.09,0.41833333333333333,0.33235021688975425
32,003,0.5,0.87,0.09,0.41833333333333333,0.33235021688975425
33,003,0.5,0.87,0.09,0.41833333333333333,0.33235021688975425
34,003,0.5,0.87,0.09,0.41833333333333333,0.33235021688975425
35,003,0.5,0.87,0.09,0.41833333333333333,0.33235021688975425
36,003,0.74,0.87,0.09,0.4642857142857143,0.3268464034199725
37,003,0.74,0.87,0.09,0.4642857142857143,0.3268464034199725
38,003,0.84,0.87,0.09,0.51125,0.3304731456563453
39,003,0.84,0.87,0.09,0.51125,0.3304731456563453
40,003,0.84,0.87,0.09,0.51125,0.3304731456563453
41,003,0.84,0.87,0.09,0.51125,0.3304731456563453
42,003,0.84,0.87,0.09,0.51125,0.3304731456563453
43,003,0.2,0.87,0.09,0.4766666666666667,0.3260751447136074
44,003,0.2,0.87,0.09,0.4766666666666667,0.3260751447136074
45,003,0.2,0.87,0.09,0.4766666666666667,0.3260751447136074
46,003,0.5,0.87,0.09,0.479,0.30751513061239044
47,003,0.5,0.87,0.09,0.479,0.30751513061239044
48,003,0.5,0.87,0.09,0.479,0.30751513061239044
49,003,0.5,0.87,0.09,0.479,0.30751513061239044
50,003,0.8,0.87,0.09,0.5081818181818182,0.30737007602621896
51,003,0.8,0.87,0.09,0.5081818181818182,0.30737007602621896
52,003,0.8,0.87,0.09,0.5081818181818182,0.30737007602621896
53,003,0.8,0.87,0.09,0.5081818181818182,0.30737007602621896
54,003,0.8,0.87,0.09,0.5081818181818182,0.30737007602621896
55,003,0.8,0.87,0.09,0.5081818181818182,0.30737007602621896
56,003,0.22,0.87,0.09,0.4841666666666667,0.3046446016809314
57,003,0.22,0.87,0.09,0.4841666666666667,0.3046446016809314
58,003,0.15,0.87,0.09,0.4584615384615385,0.30604591577752277
59,003,0.15,0.87,0.09,0.4584615384615385,0.30604591577752277
60,003,0.15,0.87,0.09,0.4584615384615385,0.30604591577752277
61,003,0.15,0.87,0.09,0.4584615384615385,0.30604591577752277
62,003,0.16,0.87,0.09,0.43714285714285717,0.3046669952948268
63,003,0.16,0.87,0.09,0.43714285714285717,0.3046669952948268
64,003,0.16,0.87,0.09,0.43714285714285717,0.3046669952948268
65,003,0.16,0.87,0.09,0.43714285714285717,0.3046669952948268
66,003,0.05,0.87,0.05,0.41133333333333333,0.3101351471920097
67,003,0.05,0.87,0.05,0.41133333333333333,0.3101351471920097
68,003,0.05,0.87,0.05,0.41133333333333333,0.3101351471920097
69,003,0.28,0.87,0.05,0.403125,0.3014126462730675
70,003,0.28,0.87,0.05,0.403125,0.3014126462730675
71,003,0.28,0.87,0.05,0.403125,0.3014126462730675
72,003,0.28,0.87,0.05,0.403125,0.3014126462730675
73,003,0.28,0.87,0.05,0.403125,0.3014126462730675
74,003,0.28,0.87,0.05,0.403125,0.3014126462730675
75,003,0.28,0.87,0.05,0.403125,0.3014126462730675
76,003,0.85,0.87,0.05,0.4294117647058823,0.3113171732380679
77,003,0.85,0.87,0.05,0.4294117647058823,0.3113171732380679
78,003,0.85,0.87,0.05,0.4294117647058823,0.3113171732380679
79,003,0.85,0.87,0.05,0.4294117647058823,0.3113171732380679
80,003,0.85,0.87,0.05,0.4294117647058823,0.3113171732380679
81,003,0.85,0.87,0.05,0.4294117647058823,0.3113171732380679
82,003,0.25,0.87,0.05,0.41944444444444445,0.304968122195674
83,003,0.25,0.87,0.05,0.41944444444444445,0.304968122195674
84,003,0.25,0.87,0.05,0.41944444444444445,0.304968122195674
85,003,0.2,0.87,0.05,0.40789473684210525,0.30062118923190473
86,003,0.2,0.87,0.05,0.40789473684210525,0.30062118923190473
87,003,0.2,0.87,0.05,0.40789473684210525,0.30062118923190473
88,003,0.92,0.92,0.05,0.4335,0.31421204707381256
89,003,0.92,0.92,0.05,0.4335,0.31421204707381256
90,003,0.92,0.92,0.05,0.4335,0.31421204707381256
91,003,0.92,0.92,0.05,0.4335,0.31421204707381256
92,003,0.92,0.92,0.05,0.4335,0.31421204707381256
93,003,0.85,0.92,0.05,0.4533333333333333,0.31945787411383886
94,003,0.85,0.92,0.05,0.4533333333333333,0.31945787411383886
95,003,0.85,0.92,0.05,0.4533333333333333,0.31945787411383886
96,003,0.85,0.92,0.05,0.4533333333333333,0.31945787411383886
97,003,0.85,0.92,0.05,0.4533333333333333,0.31945787411383886
98,003,0.85,0.92,0.05,0.4533333333333333,0.31945787411383886
99,003,0.85,0.92,0.05,0.4533333333333333,0.31945787411383886
100,003,0.85,0.92,0.05,0.4533333333333333,0.31945787411383886
101,003,0.1,0.92,0.05,0.43727272727272726,0.32073103727016855
102,003,0.1,0.92,0.05,0.43727272727272726,0.32073103727016855
103,003,0.1,0.92,0.05,0.43727272727272726,0.32073103727016855
104,003,0.1,0.92,0.05,0.43727272727272726,0.32073103727016855
105,003,0.1,0.92,0.05,0.43727272727272726,0.32073103727016855
106,003,0.1,0.92,0.05,0.43727272727272726,0.32073103727016855
107,003,0.1,0.92,0.05,0.43727272727272726,0.32073103727016855
108,003,0.1,0.92,0.05,0.43727272727272726,0.32073103727016855
109,003,0.1,0.92,0.05,0.43727272727272726,0.32073103727016855
110,003,0.25,0.92,0.05,0.4291304347826087,0.3157806062828239
111,003,0.25,0.92,0.05,0.4291304347826087,0.3157806062828239
112,003,0.25,0.92,0.05,0.4291304347826087,0.3157806062828239
113,003,0.25,0.92,0.05,0.4291304347826087,0.3157806062828239
114,003,0.21,0.92,0.05,0.42,0.31206186677588815
115,003,0.21,0.92,0.05,0.42,0.31206186677588815
116,003,0.21,0.92,0.05,0.42,0.31206186677588815
117,003,0.21,0.92,0.05,0.42,0.31206186677588815
118,003,0.21,0.92,0.05,0.42,0.31206186677588815
119,003,0.21,0.92,0.05,0.42,0.31206186677588815
1,010,0.84,0.84,0.84,0.84,0.84
2,010,0.9,0.9,0.84,0.87,0.04242640687119289
3,010,0.9,0.9,0.84,0.87,0.04242640687119289
4,010,0.9,0.9,0.84,0.87,0.04242640687119289
5,010,0.9,0.9,0.84,0.87,0.04242640687119289
6,010,0.9,0.9,0.84,0.87,0.04242640687119289
7,010,0.9,0.9,0.84,0.87,0.04242640687119289
8,010,0.9,0.9,0.84,0.87,0.04242640687119289
9,010,0.9,0.9,0.84,0.87,0.04242640687119289
10,010,0.9,0.9,0.84,0.87,0.04242640687119289
11,010,0.8,0.9,0.8,0.8466666666666667,0.05033222956847166
12,010,0.8,0.9,0.8,0.8466666666666667,0.05033222956847166
13,010,0.8,0.9,0.8,0.8466666666666667,0.05033222956847166
14,010,0.8,0.9,0.8,0.8466666666666667,0.05033222956847166
15,010,0.8,0.9,0.8,0.8466666666666667,0.05033222956847166
16,010,0.8,0.9,0.8,0.8466666666666667,0.05033222956847166
17,010,0.8,0.9,0.8,0.8466666666666667,0.05033222956847166
18,010,0.8,0.9,0.8,0.8466666666666667,0.05033222956847166
19,010,0.8,0.9,0.8,0.8466666666666667,0.05033222956847166
20,010,0.8,0.9,0.8,0.8466666666666667,0.05033222956847166
21,010,0.8,0.9,0.8,0.8466666666666667,0.05033222956847166
22,010,0.8,0.9,0.8,0.8466666666666667,0.05033222956847166
23,010,0.8,0.9,0.8,0.8466666666666667,0.05033222956847166
24,010,0.8,0.9,0.8,0.8466666666666667,0.05033222956847166
25,010,0.8,0.9,0.8,0.8466666666666667,0.05033222956847166
26,010,0.8,0.9,0.8,0.8466666666666667,0.05033222956847166
27,010,0.8,0.9,0.8,0.8466666666666667,0.05033222956847166
28,010,0.8,0.9,0.8,0.8466666666666667,0.05033222956847166
29,010,0.8,0.9,0.8,0.8466666666666667,0.05033222956847166
30,010,0.8,0.9,0.8,0.8466666666666667,0.05033222956847166
31,010,0.8,0.9,0.8,0.8466666666666667,0.05033222956847166
32,010,0.8,0.9,0.8,0.8466666666666667,0.05033222956847166
33,010,0.8,0.9,0.8,0.8466666666666667,0.05033222956847166
34,010,0.8,0.9,0.8,0.8466666666666667,0.05033222956847166
35,010,0.8,0.9,0.8,0.8466666666666667,0.05033222956847166
36,010,0.8,0.9,0.8,0.8466666666666667,0.05033222956847166
37,010,0.8,0.9,0.8,0.8466666666666667,0.05033222956847166
38,010,0.8,0.9,0.8,0.8466666666666667,0.05033222956847166
39,010,0.8,0.9,0.8,0.8466666666666667,0.05033222956847166
40,010,0.8,0.9,0.8,0.8466666666666667,0.05033222956847166
41,010,0.82,0.9,0.8,0.84,0.04320493798938574
42,010,0.82,0.9,0.8,0.84,0.04320493798938574
43,010,0.82,0.9,0.8,0.84,0.04320493798938574
44,010,0.82,0.9,0.8,0.84,0.04320493798938574
45,010,0.82,0.9,0.8,0.84,0.04320493798938574
46,010,0.82,0.9,0.8,0.84,0.04320493798938574
47,010,0.82,0.9,0.8,0.84,0.04320493798938574
48,010,0.82,0.9,0.8,0.84,0.04320493798938574
49,010,0.82,0.9,0.8,0.84,0.04320493798938574
50,010,0.82,0.9,0.8,0.84,0.04320493798938574
51,010,0.82,0.9,0.8,0.84,0.04320493798938574
52,010,0.93,0.93,0.8,0.858,0.054954526656136364
53,010,0.93,0.93,0.8,0.858,0.054954526656136364
54,010,0.93,0.93,0.8,0.858,0.054954526656136364
55,010,0.93,0.93,0.8,0.858,0.054954526656136364
56,010,0.93,0.93,0.8,0.858,0.054954526656136364
57,010,0.11,0.93,0.11,0.7333333333333334,0.3093002855909879
58,010,0.11,0.93,0.11,0.7333333333333334,0.3093002855909879
59,010,0.11,0.93,0.11,0.7333333333333334,0.3093002855909879
60,010,0.11,0.93,0.11,0.7333333333333334,0.3093002855909879
61,010,0.11,0.93,0.11,0.7333333333333334,0.3093002855909879
62,010,0.11,0.93,0.11,0.7333333333333334,0.3093002855909879
63,010,0.23,0.93,0.11,0.6614285714285715,0.34046187116075965
64,010,0.23,0.93,0.11,0.6614285714285715,0.34046187116075965
65,010,0.23,0.93,0.11,0.6614285714285715,0.34046187116075965
66,010,0.23,0.93,0.11,0.6614285714285715,0.34046187116075965
67,010,0.23,0.93,0.11,0.6614285714285715,0.34046187116075965
68,010,0.23,0.93,0.11,0.6614285714285715,0.34046187116075965
69,010,0.23,0.93,0.11,0.6614285714285715,0.34046187116075965
70,010,0.23,0.93,0.11,0.6614285714285715,0.34046187116075965
71,010,0.23,0.93,0.11,0.6614285714285715,0.34046187116075965
72,010,0.23,0.93,0.11,0.6614285714285715,0.34046187116075965
73,010,0.23,0.93,0.11,0.6614285714285715,0.34046187116075965
74,010,0.23,0.93,0.11,0.6614285714285715,0.34046187116075965
75,010,0.23,0.93,0.11,0.6614285714285715,0.34046187116075965
76,010,0.23,0.93,0.11,0.6614285714285715,0.34046187116075965
77,010,0.23,0.93,0.11,0.6614285714285715,0.34046187116075965
78,010,0.23,0.93,0.11,0.6614285714285715,0.34046187116075965
79,010,0.23,0.93,0.11,0.6614285714285715,0.34046187116075965
80,010,0.23,0.93,0.11,0.6614285714285715,0.34046187116075965
81,010,0.23,0.93,0.11,0.6614285714285715,0.34046187116075965
82,010,0.23,0.93,0.11,0.6614285714285715,0.34046187116075965
83,010,0.23,0.93,0.11,0.6614285714285715,0.34046187116075965
84,010,0.23,0.93,0.11,0.6614285714285715,0.34046187116075965
85,010,0.23,0.93,0.11,0.6614285714285715,0.34046187116075965
1,007,0.5,0.5,0.5,0.5,0.5
2,007,0.8,0.8,0.5,0.65,0.21213203435596428
3,007,0.8,0.8,0.5,0.65,0.21213203435596428
4,007,0.8,0.8,0.5,0.65,0.21213203435596428
5,007,0.8,0.8,0.5,0.65,0.21213203435596428
6,007,0.8,0.8,0.5,0.65,0.21213203435596428
7,007,0.8,0.8,0.5,0.65,0.21213203435596428
8,007,0.8,0.8,0.5,0.65,0.21213203435596428
9,007,0.8,0.8,0.5,0.65,0.21213203435596428
10,007,0.8,0.8,0.5,0.65,0.21213203435596428
11,007,0.8,0.8,0.5,0.65,0.21213203435596428
12,007,0.8,0.8,0.5,0.65,0.21213203435596428
13,007,0.11,0.8,0.11,0.47000000000000003,0.3459768778401239
14,007,0.11,0.8,0.11,0.47000000000000003,0.3459768778401239
15,007,0.11,0.8,0.11,0.47000000000000003,0.3459768778401239
16,007,0.11,0.8,0.11,0.47000000000000003,0.3459768778401239
17,007,0.11,0.8,0.11,0.47000000000000003,0.3459768778401239
18,007,0.11,0.8,0.11,0.47000000000000003,0.3459768778401239
19,007,0.11,0.8,0.11,0.47000000000000003,0.3459768778401239
20,007,0.11,0.8,0.11,0.47000000000000003,0.3459768778401239
21,007,0.11,0.8,0.11,0.47000000000000003,0.3459768778401239
22,007,0.11,0.8,0.11,0.47000000000000003,0.3459768778401239
23,007,0.11,0.8,0.11,0.47000000000000003,0.3459768778401239
24,007,0.11,0.8,0.11,0.47000000000000003,0.3459768778401239
25,007,0.11,0.8,0.11,0.47000000000000003,0.3459768778401239
26,007,0.25,0.8,0.11,0.41500000000000004,0.30315012782448236
27,007,0.25,0.8,0.11,0.41500000000000004,0.30315012782448236
28,007,0.25,0.8,0.11,0.41500000000000004,0.30315012782448236
29,007,0.25,0.8,0.11,0.41500000000000004,0.30315012782448236
30,007,0.25,0.8,0.11,0.41500000000000004,0.30315012782448236
31,007,0.25,0.8,0.11,0.41500000000000004,0.30315012782448236
32,007,0.25,0.8,0.11,0.41500000000000004,0.30315012782448236
33,007,0.25,0.8,0.11,0.41500000000000004,0.30315012782448236
34,007,0.25,0.8,0.11,0.41500000000000004,0.30315012782448236
35,007,0.79,0.8,0.11,0.49,0.3115284898689043
36,007,0.79,0.8,0.11,0.49,0.3115284898689043
37,007,0.79,0.8,0.11,0.49,0.3115284898689043
38,007,0.79,0.8,0.11,0.49,0.3115284898689043
39,007,0.79,0.8,0.11,0.49,0.3115284898689043
40,007,0.79,0.8,0.11,0.49,0.3115284898689043
41,007,0.5,0.8,0.11,0.4916666666666667,0.27866945772127
42,007,0.5,0.8,0.11,0.4916666666666667,0.27866945772127
43,007,0.5,0.8,0.11,0.4916666666666667,0.27866945772127
44,007,0.5,0.8,0.11,0.4916666666666667,0.27866945772127
45,007,0.5,0.8,0.11,0.4916666666666667,0.27866945772127
46,007,0.5,0.8,0.11,0.4916666666666667,0.27866945772127
47,007,0.5,0.8,0.11,0.4916666666666667,0.27866945772127
48,007,0.5,0.8,0.11,0.4916666666666667,0.27866945772127
49,007,0.5,0.8,0.11,0.4916666666666667,0.27866945772127
50,007,0.5,0.8,0.11,0.4916666666666667,0.27866945772127
51,007,0.5,0.8,0.11,0.4916666666666667,0.27866945772127
52,007,0.5,0.8,0.11,0.4916666666666667,0.27866945772127
53,007,0.5,0.8,0.11,0.4916666666666667,0.27866945772127
54,007,0.5,0.8,0.11,0.4928571428571429,0.25440874498296934
55,007,0.5,0.8,0.11,0.4928571428571429,0.25440874498296934
56,007,0.5,0.8,0.11,0.4928571428571429,0.25440874498296934
57,007,0.5,0.8,0.11,0.4928571428571429,0.25440874498296934
58,007,0.96,0.96,0.11,0.55125,0.2876723086132156
59,007,0.96,0.96,0.11,0.55125,0.2876723086132156
60,007,0.96,0.96,0.11,0.55125,0.2876723086132156
61,007,0.96,0.96,0.11,0.55125,0.2876723086132156
62,007,0.96,0.96,0.11,0.55125,0.2876723086132156
63,007,0.96,0.96,0.11,0.55125,0.2876723086132156
64,007,0.96,0.96,0.11,0.55125,0.2876723086132156
65,007,0.96,0.96,0.11,0.55125,0.2876723086132156
66,007,0.96,0.96,0.11,0.55125,0.2876723086132156
1,009,0.94,0.94,0.94,0.94,0.94
2,009,0.96,0.96,0.94,0.95,0.014142135623730963
3,009,0.96,0.96,0.94,0.95,0.014142135623730963
4,009,0.96,0.96,0.94,0.95,0.014142135623730963
5,009,0.96,0.96,0.94,0.95,0.014142135623730963
6,009,0.96,0.96,0.94,0.95,0.014142135623730963
7,009,0.96,0.96,0.94,0.95,0.014142135623730963
8,009,0.96,0.96,0.94,0.95,0.014142135623730963
9,009,0.96,0.96,0.94,0.95,0.014142135623730963
10,009,0.11,0.96,0.11,0.6699999999999999,0.4850773134253961
11,009,0.11,0.96,0.11,0.6699999999999999,0.4850773134253961
12,009,0.11,0.96,0.11,0.6699999999999999,0.4850773134253961
13,009,0.84,0.96,0.11,0.7125,0.4050822961654417
14,009,0.84,0.96,0.11,0.7125,0.4050822961654417
15,009,0.84,0.96,0.11,0.7125,0.4050822961654417
16,009,0.84,0.96,0.11,0.7125,0.4050822961654417
17,009,0.08,0.96,0.08,0.586,0.4506439836500649
18,009,0.08,0.96,0.08,0.586,0.4506439836500649
19,009,0.08,0.96,0.08,0.586,0.4506439836500649
20,009,0.08,0.96,0.08,0.586,0.4506439836500649
21,009,0.07,0.96,0.07,0.5,0.45479665785931184
22,009,0.07,0.96,0.07,0.5,0.45479665785931184
23,009,0.07,0.96,0.07,0.5,0.45479665785931184
24,009,0.98,0.98,0.07,0.5685714285714285,0.4530794106786937
25,009,0.98,0.98,0.07,0.5685714285714285,0.4530794106786937
26,009,0.98,0.98,0.07,0.5685714285714285,0.4530794106786937
27,009,0.98,0.98,0.07,0.5685714285714285,0.4530794106786937
28,009,0.98,0.98,0.07,0.5685714285714285,0.4530794106786937
29,009,0.98,0.98,0.07,0.5685714285714285,0.4530794106786937
30,009,0.98,0.98,0.07,0.5685714285714285,0.4530794106786937
31,009,0.98,0.98,0.07,0.5685714285714285,0.4530794106786937
32,009,0.77,0.98,0.07,0.59375,0.4254724265029236
33,009,0.77,0.98,0.07,0.59375,0.4254724265029236
34,009,0.77,0.98,0.07,0.59375,0.4254724265029236
35,009,0.77,0.98,0.07,0.59375,0.4254724265029236
36,009,0.96,0.98,0.07,0.6344444444444445,0.4162965022406239
37,009,0.96,0.98,0.07,0.6344444444444445,0.4162965022406239
38,009,0.96,0.98,0.07,0.6344444444444445,0.4162965022406239
39,009,0.96,0.98,0.07,0.6344444444444445,0.4162965022406239
40,009,0.96,0.98,0.07,0.6344444444444445,0.4162965022406239
41,009,0.96,0.98,0.07,0.6344444444444445,0.4162965022406239
42,009,0.96,0.98,0.07,0.6344444444444445,0.4162965022406239
43,009,0.96,0.98,0.07,0.6344444444444445,0.4162965022406239
44,009,0.96,0.98,0.07,0.6344444444444445,0.4162965022406239
45,009,0.96,0.98,0.07,0.6344444444444445,0.4162965022406239
46,009,0.96,0.98,0.07,0.6344444444444445,0.4162965022406239
47,009,0.96,0.98,0.07,0.6344444444444445,0.4162965022406239
48,009,0.96,0.98,0.07,0.6344444444444445,0.4162965022406239
49,009,0.96,0.98,0.07,0.6344444444444445,0.4162965022406239
50,009,0.96,0.98,0.07,0.6344444444444445,0.4162965022406239
51,009,0.96,0.98,0.07,0.6344444444444445,0.4162965022406239
52,009,0.96,0.98,0.07,0.6344444444444445,0.4162965022406239
1,014,0.0,0.0,0.0,0.0,0.0
2,014,0.02,0.02,0.02,0.02,0.02
3,014,0.14,0.14,0.02,0.08,0.08485281374238571
4,014,0.14,0.14,0.02,0.08,0.08485281374238571
5,014,0.14,0.14,0.02,0.08,0.08485281374238571
6,014,0.14,0.14,0.02,0.08,0.08485281374238571
7,014,0.14,0.14,0.02,0.08,0.08485281374238571
8,014,0.14,0.14,0.02,0.08,0.08485281374238571
9,014,0.14,0.14,0.02,0.08,0.08485281374238571
10,014,0.5,0.5,0.02,0.22,0.24979991993593595
11,014,0.5,0.5,0.02,0.22,0.24979991993593595
12,014,0.5,0.5,0.02,0.22,0.24979991993593595
13,014,0.22,0.5,0.02,0.22,0.20396078054371142
14,014,0.22,0.5,0.02,0.22,0.20396078054371142
15,014,0.22,0.5,0.02,0.22,0.20396078054371142
16,014,0.22,0.5,0.02,0.22,0.20396078054371142
17,014,0.22,0.5,0.02,0.22,0.20396078054371142
18,014,0.22,0.5,0.02,0.22,0.20396078054371142
19,014,0.22,0.5,0.02,0.22,0.20396078054371142
20,014,0.22,0.5,0.02,0.22,0.20396078054371142
21,014,0.74,0.74,0.02,0.324,0.2920273959751037
22,014,0.74,0.74,0.02,0.324,0.2920273959751037
23,014,0.74,0.74,0.02,0.324,0.2920273959751037
24,014,0.74,0.74,0.02,0.324,0.2920273959751037
25,014,0.74,0.74,0.02,0.324,0.2920273959751037
26,014,0.74,0.74,0.02,0.324,0.2920273959751037
27,014,0.74,0.74,0.02,0.324,0.2920273959751037
28,014,0.74,0.74,0.02,0.324,0.2920273959751037
29,014,0.74,0.74,0.02,0.324,0.2920273959751037
30,014,0.74,0.74,0.02,0.324,0.2920273959751037
31,014,0.74,0.74,0.02,0.324,0.2920273959751037
32,014,0.74,0.74,0.02,0.324,0.2920273959751037
33,014,0.74,0.74,0.02,0.324,0.2920273959751037
34,014,0.5,0.74,0.02,0.35333333333333333,0.27089973544960627
35,014,0.5,0.74,0.02,0.35333333333333333,0.27089973544960627
36,014,0.5,0.74,0.02,0.35333333333333333,0.27089973544960627
37,014,0.5,0.74,0.02,0.35333333333333333,0.27089973544960627
38,014,0.5,0.74,0.02,0.35333333333333333,0.27089973544960627
39,014,0.5,0.74,0.02,0.35333333333333333,0.27089973544960627
40,014,0.5,0.74,0.02,0.35333333333333333,0.27089973544960627
41,014,0.5,0.74,0.02,0.35333333333333333,0.27089973544960627
42,014,0.02,0.74,0.02,0.3057142857142857,0.27754021587613464
43,014,0.02,0.74,0.02,0.3057142857142857,0.27754021587613464
44,014,0.02,0.74,0.02,0.3057142857142857,0.27754021587613464
45,014,0.75,0.75,0.02,0.36125,0.30116144222943664
46,014,0.75,0.75,0.02,0.36125,0.30116144222943664
47,014,0.75,0.75,0.02,0.36125,0.30116144222943664
48,014,0.75,0.75,0.02,0.36125,0.30116144222943664
49,014,0.75,0.75,0.02,0.36125,0.30116144222943664
50,014,0.75,0.75,0.02,0.36125,0.30116144222943664
51,014,0.75,0.75,0.02,0.36125,0.30116144222943664
52,014,0.75,0.75,0.02,0.36125,0.30116144222943664
53,014,0.75,0.75,0.02,0.36125,0.30116144222943664
54,014,0.75,0.75,0.02,0.36125,0.30116144222943664
55,014,0.75,0.75,0.02,0.36125,0.30116144222943664
56,014,0.75,0.75,0.02,0.36125,0.30116144222943664
57,014,0.75,0.75,0.02,0.36125,0.30116144222943664
58,014,0.75,0.75,0.02,0.36125,0.30116144222943664
59,014,0.75,0.75,0.02,0.36125,0.30116144222943664
60,014,0.75,0.75,0.02,0.36125,0.30116144222943664
61,014,0.12,0.75,0.02,0.33444444444444443,0.2929637823652913
62,014,0.12,0.75,0.02,0.33444444444444443,0.2929637823652913
63,014,0.12,0.75,0.02,0.33444444444444443,0.2929637823652913
64,014,0.1,0.75,0.02,0.311,0.2859856251243719
65,014,0.1,0.75,0.02,0.311,0.2859856251243719
66,014,0.1,0.75,0.02,0.311,0.2859856251243719
67,014,0.1,0.75,0.02,0.311,0.2859856251243719
68,014,0.1,0.75,0.02,0.311,0.2859856251243719
69,014,0.1,0.75,0.02,0.311,0.2859856251243719
70,014,0.81,0.81,0.02,0.3563636363636364,0.31023451539997055
71,014,0.81,0.81,0.02,0.3563636363636364,0.31023451539997055
72,014,0.81,0.81,0.02,0.3563636363636364,0.31023451539997055
73,014,0.81,0.81,0.02,0.3563636363636364,0.31023451539997055
74,014,0.81,0.81,0.02,0.3563636363636364,0.31023451539997055
75,014,0.71,0.81,0.02,0.38583333333333336,0.3129175997645774
76,014,0.71,0.81,0.02,0.38583333333333336,0.3129175997645774
77,014,0.71,0.81,0.02,0.38583333333333336,0.3129175997645774
78,014,0.06,0.81,0.02,0.3607692307692308,0.312928680332051
79,014,0.06,0.81,0.02,0.3607692307692308,0.312928680332051
80,014,0.06,0.81,0.02,0.3607692307692308,0.312928680332051
81,014,0.06,0.81,0.02,0.3607692307692308,0.312928680332051
82,014,0.06,0.81,0.02,0.3607692307692308,0.312928680332051
83,014,0.06,0.81,0.02,0.3607692307692308,0.312928680332051
84,014,0.06,0.81,0.02,0.3607692307692308,0.312928680332051
85,014,0.06,0.81,0.02,0.3607692307692308,0.312928680332051
86,014,0.06,0.81,0.02,0.3607692307692308,0.312928680332051
87,014,0.06,0.81,0.02,0.3607692307692308,0.312928680332051
88,014,0.06,0.81,0.02,0.3607692307692308,0.312928680332051
89,014,0.06,0.81,0.02,0.3607692307692308,0.312928680332051
90,014,0.06,0.81,0.02,0.3607692307692308,0.312928680332051
91,014,0.06,0.81,0.02,0.3607692307692308,0.312928680332051
92,014,0.06,0.81,0.02,0.3607692307692308,0.312928680332051
93,014,0.06,0.81,0.02,0.3607692307692308,0.312928680332051
94,014,0.06,0.81,0.02,0.3607692307692308,0.312928680332051
95,014,0.5,0.81,0.02,0.3707142857142857,0.30294615631556315
96,014,0.5,0.81,0.02,0.3707142857142857,0.30294615631556315
97,014,0.5,0.81,0.02,0.3707142857142857,0.30294615631556315
98,014,0.82,0.82,0.02,0.40066666666666667,0.3141306977009653
99,014,0.82,0.82,0.02,0.40066666666666667,0.3141306977009653
100,014,0.82,0.82,0.02,0.40066666666666667,0.3141306977009653
101,014,0.82,0.82,0.02,0.40066666666666667,0.3141306977009653
102,014,0.82,0.82,0.02,0.40066666666666667,0.3141306977009653
103,014,0.82,0.82,0.02,0.40066666666666667,0.3141306977009653
104,014,0.82,0.82,0.02,0.40066666666666667,0.3141306977009653
105,014,0.82,0.82,0.02,0.40066666666666667,0.3141306977009653
106,014,0.16,0.82,0.02,0.385625,0.3093858163092376
107,014,0.16,0.82,0.02,0.385625,0.3093858163092376
108,014,0.16,0.82,0.02,0.385625,0.3093858163092376
109,014,0.16,0.82,0.02,0.385625,0.3093858163092376
110,014,0.16,0.82,0.02,0.385625,0.3093858163092376
111,014,0.16,0.82,0.02,0.385625,0.3093858163092376
112,014,0.16,0.82,0.02,0.385625,0.3093858163092376
113,014,0.16,0.82,0.02,0.385625,0.3093858163092376
114,014,0.16,0.82,0.02,0.385625,0.3093858163092376
115,014,0.16,0.82,0.02,0.385625,0.3093858163092376
116,014,0.16,0.82,0.02,0.385625,0.3093858163092376
117,014,0.09,0.82,0.02,0.36823529411764705,0.3080226309485564
118,014,0.09,0.82,0.02,0.36823529411764705,0.3080226309485564
119,014,0.09,0.82,0.02,0.36823529411764705,0.3080226309485564
120,014,0.09,0.82,0.02,0.36823529411764705,0.3080226309485564
121,014,0.09,0.82,0.02,0.36823529411764705,0.3080226309485564
1,011,0.92,0.92,0.92,0.92,0.92
2,011,0.3,0.92,0.3,0.61,0.4384062043356595
3,011,0.3,0.92,0.3,0.61,0.4384062043356595
4,011,0.3,0.92,0.3,0.61,0.4384062043356595
5,011,0.3,0.92,0.3,0.61,0.4384062043356595
6,011,0.3,0.92,0.3,0.61,0.4384062043356595
7,011,0.3,0.92,0.3,0.61,0.4384062043356595
8,011,0.78,0.92,0.3,0.6666666666666667,0.3251666239535253
9,011,0.78,0.92,0.3,0.6666666666666667,0.3251666239535253
10,011,0.78,0.92,0.3,0.6666666666666667,0.3251666239535253
11,011,0.78,0.92,0.3,0.6666666666666667,0.3251666239535253
12,011,0.78,0.92,0.3,0.6666666666666667,0.3251666239535253
13,011,0.78,0.92,0.3,0.6666666666666667,0.3251666239535253
14,011,0.78,0.92,0.3,0.6666666666666667,0.3251666239535253
15,011,0.78,0.92,0.3,0.6666666666666667,0.3251666239535253
16,011,0.78,0.92,0.3,0.6666666666666667,0.3251666239535253
17,011,0.78,0.92,0.3,0.6666666666666667,0.3251666239535253
18,011,0.78,0.92,0.3,0.6666666666666667,0.3251666239535253
19,011,0.78,0.92,0.3,0.6666666666666667,0.3251666239535253
20,011,0.78,0.92,0.3,0.6666666666666667,0.3251666239535253
21,011,0.78,0.92,0.3,0.6666666666666667,0.3251666239535253
22,011,0.78,0.92,0.3,0.6666666666666667,0.3251666239535253
23,011,0.78,0.92,0.3,0.6666666666666667,0.3251666239535253
24,011,0.78,0.92,0.3,0.6666666666666667,0.3251666239535253
25,011,0.78,0.92,0.3,0.6666666666666667,0.3251666239535253
26,011,0.25,0.92,0.25,0.5625,0.3374783943701681
27,011,0.25,0.92,0.25,0.5625,0.3374783943701681
28,011,0.25,0.92,0.25,0.5625,0.3374783943701681
29,011,0.22,0.92,0.22,0.494,0.3299696955782455
30,011,0.22,0.92,0.22,0.494,0.3299696955782455
31,011,0.22,0.92,0.22,0.494,0.3299696955782455
32,011,0.22,0.92,0.22,0.494,0.3299696955782455
33,011,0.22,0.92,0.22,0.494,0.3299696955782455
34,011,0.22,0.92,0.22,0.494,0.3299696955782455
35,011,0.22,0.92,0.22,0.494,0.3299696955782455
36,011,0.22,0.92,0.22,0.494,0.3299696955782455
37,011,0.22,0.92,0.22,0.494,0.3299696955782455
38,011,0.22,0.92,0.22,0.494,0.3299696955782455
39,011,0.1,0.92,0.1,0.42833333333333334,0.33612001824745086
40,011,0.1,0.92,0.1,0.42833333333333334,0.33612001824745086
41,011,0.1,0.92,0.1,0.42833333333333334,0.33612001824745086
42,011,0.1,0.92,0.1,0.42833333333333334,0.33612001824745086
43,011,0.1,0.92,0.1,0.42833333333333334,0.33612001824745086
44,011,0.1,0.92,0.1,0.42833333333333334,0.33612001824745086
45,011,0.1,0.92,0.1,0.42833333333333334,0.33612001824745086
46,011,0.15,0.92,0.1,0.38857142857142857,0.3243675164289509
47,011,0.15,0.92,0.1,0.38857142857142857,0.3243675164289509
48,011,0.15,0.92,0.1,0.38857142857142857,0.3243675164289509
49,011,0.15,0.92,0.1,0.38857142857142857,0.3243675164289509
50,011,0.15,0.92,0.1,0.38857142857142857,0.3243675164289509
51,011,0.15,0.92,0.1,0.38857142857142857,0.3243675164289509
52,011,0.15,0.92,0.1,0.38857142857142857,0.3243675164289509
53,011,0.15,0.92,0.1,0.38857142857142857,0.3243675164289509
54,011,0.15,0.92,0.1,0.38857142857142857,0.3243675164289509
55,011,0.15,0.92,0.1,0.38857142857142857,0.3243675164289509
56,011,0.15,0.92,0.1,0.38857142857142857,0.3243675164289509
57,011,0.75,0.92,0.1,0.43375,0.32636252848634445
58,011,0.75,0.92,0.1,0.43375,0.32636252848634445
59,011,0.75,0.92,0.1,0.43375,0.32636252848634445
60,011,0.75,0.92,0.1,0.43375,0.32636252848634445
61,011,0.75,0.92,0.1,0.43375,0.32636252848634445
62,011,0.75,0.92,0.1,0.43375,0.32636252848634445
63,011,0.16,0.92,0.1,0.4033333333333333,0.3186298793270964
64,011,0.16,0.92,0.1,0.4033333333333333,0.3186298793270964
1,006,0.0,0.0,0.0,0.0,0.0
2,006,0.0,0.0,0.0,0.0,0.0
3,006,0.0,0.0,0.0,0.0,0.0
4,006,0.79,0.79,0.79,0.79,0.79
5,006,0.04,0.79,0.04,0.41500000000000004,0.5303300858899106
6,006,0.04,0.79,0.04,0.41500000000000004,0.5303300858899106
7,006,0.71,0.79,0.04,0.5133333333333333,0.41186567389542594
8,006,0.71,0.79,0.04,0.5133333333333333,0.41186567389542594
9,006,0.71,0.79,0.04,0.5133333333333333,0.41186567389542594
10,006,0.01,0.79,0.01,0.3875,0.4200297608503474
11,006,0.01,0.79,0.01,0.3875,0.4200297608503474
12,006,0.85,0.85,0.01,0.48,0.41844951905815353
13,006,0.85,0.85,0.01,0.48,0.41844951905815353
14,006,0.85,0.85,0.01,0.48,0.41844951905815353
15,006,0.85,0.85,0.01,0.48,0.41844951905815353
16,006,0.85,0.85,0.01,0.48,0.41844951905815353
17,006,0.83,0.85,0.01,0.5383333333333333,0.4006203522871331
18,006,0.83,0.85,0.01,0.5383333333333333,0.4006203522871331
19,006,0.83,0.85,0.01,0.5383333333333333,0.4006203522871331
20,006,0.83,0.85,0.01,0.5383333333333333,0.4006203522871331
21,006,0.83,0.85,0.01,0.5383333333333333,0.4006203522871331
22,006,0.88,0.88,0.01,0.5871428571428572,0.3878450844394054
23,006,0.88,0.88,0.01,0.5871428571428572,0.3878450844394054
24,006,0.88,0.88,0.01,0.5871428571428572,0.3878450844394054
25,006,0.88,0.88,0.01,0.5871428571428572,0.3878450844394054
26,006,0.82,0.88,0.01,0.61625,0.3683917751524862
27,006,0.82,0.88,0.01,0.61625,0.3683917751524862
28,006,0.82,0.88,0.01,0.61625,0.3683917751524862
29,006,0.82,0.88,0.01,0.61625,0.3683917751524862
30,006,0.82,0.88,0.01,0.61625,0.3683917751524862
31,006,0.82,0.88,0.01,0.61625,0.3683917751524862
32,006,0.82,0.88,0.01,0.61625,0.3683917751524862
33,006,0.82,0.88,0.01,0.61625,0.3683917751524862
34,006,0.82,0.88,0.01,0.61625,0.3683917751524862
35,006,0.82,0.88,0.01,0.61625,0.3683917751524862
36,006,0.82,0.88,0.01,0.61625,0.3683917751524862
37,006,0.82,0.88,0.01,0.61625,0.3683917751524862
38,006,0.82,0.88,0.01,0.61625,0.3683917751524862
39,006,0.77,0.88,0.01,0.6333333333333333,0.3483891502328969
40,006,0.77,0.88,0.01,0.6333333333333333,0.3483891502328969
41,006,0.77,0.88,0.01,0.6333333333333333,0.3483891502328969
42,006,0.77,0.88,0.01,0.6333333333333333,0.3483891502328969
43,006,0.77,0.88,0.01,0.6333333333333333,0.3483891502328969
44,006,0.79,0.88,0.01,0.649,0.3321796702589328
45,006,0.79,0.88,0.01,0.649,0.3321796702589328
46,006,0.79,0.88,0.01,0.649,0.3321796702589328
47,006,0.75,0.88,0.01,0.6581818181818182,0.31660126916417064
48,006,0.75,0.88,0.01,0.6581818181818182,0.31660126916417064
49,006,0.75,0.88,0.01,0.6581818181818182,0.31660126916417064
50,006,0.75,0.88,0.01,0.6581818181818182,0.31660126916417064
51,006,0.75,0.88,0.01,0.6581818181818182,0.31660126916417064
52,006,0.75,0.88,0.01,0.6581818181818182,0.31660126916417064
53,006,0.77,0.88,0.01,0.6675,0.30358838760879686
54,006,0.77,0.88,0.01,0.6675,0.30358838760879686
55,006,0.77,0.88,0.01,0.6675,0.30358838760879686
56,006,0.77,0.88,0.01,0.6675,0.30358838760879686
57,006,0.77,0.88,0.01,0.6675,0.30358838760879686
58,006,0.81,0.88,0.01,0.6784615384615384,0.29333843235661416
59,006,0.81,0.88,0.01,0.6784615384615384,0.29333843235661416
60,006,0.81,0.88,0.01,0.6784615384615384,0.29333843235661416
61,006,0.77,0.88,0.01,0.685,0.28289030219666966
62,006,0.77,0.88,0.01,0.685,0.28289030219666966
63,006,0.77,0.88,0.01,0.685,0.28289030219666966
64,006,0.77,0.88,0.01,0.685,0.28289030219666966
65,006,0.77,0.88,0.01,0.685,0.28289030219666966
66,006,0.77,0.88,0.01,0.685,0.28289030219666966
67,006,0.77,0.88,0.01,0.685,0.28289030219666966
68,006,0.27,0.88,0.01,0.6573333333333333,0.2929033645289534
69,006,0.27,0.88,0.01,0.6573333333333333,0.2929033645289534
70,006,0.27,0.88,0.01,0.6573333333333333,0.2929033645289534
71,006,0.27,0.88,0.01,0.6573333333333333,0.2929033645289534
72,006,0.88,0.88,0.01,0.67125,0.2883949837751459
73,006,0.88,0.88,0.01,0.67125,0.2883949837751459
74,006,0.88,0.88,0.01,0.67125,0.2883949837751459
75,006,0.73,0.88,0.01,0.6747058823529412,0.2796005554147475
76,006,0.73,0.88,0.01,0.6747058823529412,0.2796005554147475
77,006,0.73,0.88,0.01,0.6747058823529412,0.2796005554147475
78,006,0.73,0.88,0.01,0.6747058823529412,0.2796005554147475
79,006,0.24,0.88,0.01,0.6505555555555556,0.28995886568761725
80,006,0.24,0.88,0.01,0.6505555555555556,0.28995886568761725
81,006,0.24,0.88,0.01,0.6505555555555556,0.28995886568761725
82,006,0.24,0.88,0.01,0.6505555555555556,0.28995886568761725
83,006,0.24,0.88,0.01,0.6505555555555556,0.28995886568761725
84,006,0.24,0.88,0.01,0.6505555555555556,0.28995886568761725
85,006,0.27,0.88,0.01,0.6305263157894737,0.2950042124785966
86,006,0.27,0.88,0.01,0.6305263157894737,0.2950042124785966
87,006,0.27,0.88,0.01,0.6305263157894737,0.2950042124785966
88,006,0.27,0.88,0.01,0.6305263157894737,0.2950042124785966
89,006,0.27,0.88,0.01,0.6305263157894737,0.2950042124785966
90,006,0.27,0.88,0.01,0.6305263157894737,0.2950042124785966
91,006,0.27,0.88,0.01,0.6305263157894737,0.2950042124785966
92,006,0.27,0.88,0.01,0.6305263157894737,0.2950042124785966
93,006,0.27,0.88,0.01,0.6305263157894737,0.2950042124785966
94,006,0.27,0.88,0.01,0.6305263157894737,0.2950042124785966
95,006,0.27,0.88,0.01,0.6305263157894737,0.2950042124785966
96,006,0.27,0.88,0.01,0.6305263157894737,0.2950042124785966
97,006,0.78,0.88,0.01,0.638,0.289074749029236
98,006,0.78,0.88,0.01,0.638,0.289074749029236
99,006,0.78,0.88,0.01,0.638,0.289074749029236
100,006,0.78,0.88,0.01,0.638,0.289074749029236
101,006,0.78,0.88,0.01,0.638,0.289074749029236
102,006,0.78,0.88,0.01,0.638,0.289074749029236
103,006,0.78,0.88,0.01,0.638,0.289074749029236
104,006,0.78,0.88,0.01,0.638,0.289074749029236
105,006,0.5,0.88,0.01,0.6314285714285715,0.2833599427280736
106,006,0.5,0.88,0.01,0.6314285714285715,0.2833599427280736
107,006,0.86,0.88,0.01,0.6418181818181818,0.2807920152784901
108,006,0.86,0.88,0.01,0.6418181818181818,0.2807920152784901
109,006,0.86,0.88,0.01,0.6418181818181818,0.2807920152784901
110,006,0.86,0.88,0.01,0.6418181818181818,0.2807920152784901
111,006,0.01,0.88,0.01,0.6143478260869565,0.30432975666292283
112,006,0.01,0.88,0.01,0.6143478260869565,0.30432975666292283
113,006,0.01,0.88,0.01,0.6143478260869565,0.30432975666292283
114,006,0.01,0.88,0.01,0.6143478260869565,0.30432975666292283
115,006,0.09,0.88,0.01,0.5925,0.316299940205358
116,006,0.09,0.88,0.01,0.5925,0.316299940205358
117,006,0.21,0.88,0.01,0.5772,0.3189503618642458
118,006,0.21,0.88,0.01,0.5772,0.3189503618642458
119,006,0.21,0.88,0.01,0.5772,0.3189503618642458
120,006,0.21,0.88,0.01,0.5772,0.3189503618642458
121,006,0.21,0.88,0.01,0.5772,0.3189503618642458
122,006,0.21,0.88,0.01,0.5772,0.3189503618642458
123,006,0.21,0.88,0.01,0.5772,0.3189503618642458
124,006,0.78,0.88,0.01,0.585,0.3150269829713004
125,006,0.78,0.88,0.01,0.585,0.3150269829713004
126,006,0.78,0.88,0.01,0.585,0.3150269829713004
127,006,0.78,0.88,0.01,0.585,0.3150269829713004
128,006,0.78,0.88,0.01,0.585,0.3150269829713004
1,002,0.05,0.05,0.05,0.05,0.05
2,002,0.12,0.12,0.05,0.08499999999999999,0.049497474683058325
3,002,0.12,0.12,0.05,0.08499999999999999,0.049497474683058325
4,002,0.12,0.12,0.05,0.08499999999999999,0.049497474683058325
5,002,0.12,0.12,0.05,0.08499999999999999,0.049497474683058325
6,002,0.12,0.12,0.05,0.08499999999999999,0.049497474683058325
7,002,0.12,0.12,0.05,0.08499999999999999,0.049497474683058325
8,002,0.0,0.12,0.0,0.056666666666666664,0.06027713773341708
9,002,0.0,0.12,0.0,0.056666666666666664,0.06027713773341708
10,002,0.0,0.12,0.0,0.056666666666666664,0.06027713773341708
11,002,0.0,0.12,0.0,0.056666666666666664,0.06027713773341708
12,002,0.0,0.12,0.0,0.056666666666666664,0.06027713773341708
13,002,0.0,0.12,0.0,0.056666666666666664,0.06027713773341708
14,002,0.0,0.12,0.0,0.056666666666666664,0.06027713773341708
15,002,0.0,0.12,0.0,0.056666666666666664,0.06027713773341708
16,002,0.31,0.31,0.0,0.12,0.13589211407093005
17,002,0.31,0.31,0.0,0.12,0.13589211407093005
18,002,0.31,0.31,0.0,0.12,0.13589211407093005
19,002,0.31,0.31,0.0,0.12,0.13589211407093005
20,002,0.31,0.31,0.0,0.12,0.13589211407093005
21,002,0.31,0.31,0.0,0.12,0.13589211407093005
22,002,0.31,0.31,0.0,0.12,0.13589211407093005
23,002,0.31,0.31,0.0,0.12,0.13589211407093005
24,002,0.31,0.31,0.0,0.12,0.13589211407093005
25,002,0.31,0.31,0.0,0.12,0.13589211407093005
26,002,0.31,0.31,0.0,0.12,0.13589211407093005
27,002,0.31,0.31,0.0,0.12,0.13589211407093005
28,002,0.31,0.31,0.0,0.12,0.13589211407093005
29,002,0.23,0.31,0.0,0.14200000000000002,0.12755391017134676
30,002,0.23,0.31,0.0,0.14200000000000002,0.12755391017134676
31,002,0.23,0.31,0.0,0.14200000000000002,0.12755391017134676
32,002,0.23,0.31,0.0,0.14200000000000002,0.12755391017134676
33,002,0.23,0.31,0.0,0.14200000000000002,0.12755391017134676
34,002,0.76,0.76,0.0,0.245,0.27689348132449776
35,002,0.76,0.76,0.0,0.245,0.27689348132449776
36,002,0.75,0.76,0.0,0.31714285714285717,0.31673934003184623
37,002,0.75,0.76,0.0,0.31714285714285717,0.31673934003184623
38,002,0.75,0.76,0.0,0.31714285714285717,0.31673934003184623
39,002,0.75,0.76,0.0,0.31714285714285717,0.31673934003184623
40,002,0.75,0.76,0.0,0.31714285714285717,0.31673934003184623
41,002,0.5,0.76,0.0,0.34,0.3002855783607141
42,002,0.5,0.76,0.0,0.34,0.3002855783607141
43,002,0.79,0.79,0.0,0.39,0.31843366656181316
44,002,0.79,0.79,0.0,0.39,0.31843366656181316
45,002,0.79,0.79,0.0,0.39,0.31843366656181316
46,002,0.79,0.79,0.0,0.39,0.31843366656181316
47,002,0.79,0.79,0.0,0.39,0.31843366656181316
48,002,0.79,0.79,0.0,0.39,0.31843366656181316
49,002,0.79,0.79,0.0,0.39,0.31843366656181316
50,002,0.79,0.79,0.0,0.39,0.31843366656181316
51,002,0.79,0.79,0.0,0.39,0.31843366656181316
52,002,0.79,0.79,0.0,0.39,0.31843366656181316
53,002,0.79,0.79,0.0,0.39,0.31843366656181316
54,002,0.79,0.79,0.0,0.39,0.31843366656181316
55,002,0.01,0.79,0.0,0.352,0.3233780037871057
56,002,0.01,0.79,0.0,0.352,0.3233780037871057
57,002,0.01,0.79,0.0,0.352,0.3233780037871057
58,002,0.01,0.79,0.0,0.352,0.3233780037871057
59,002,0.01,0.79,0.0,0.352,0.3233780037871057
60,002,0.01,0.79,0.0,0.352,0.3233780037871057
61,002,0.01,0.79,0.0,0.352,0.3233780037871057
62,002,0.01,0.79,0.0,0.352,0.3233780037871057
63,002,0.91,0.91,0.0,0.4027272727272727,0.34988829386222425
64,002,0.91,0.91,0.0,0.4027272727272727,0.34988829386222425
65,002,0.91,0.91,0.0,0.4027272727272727,0.34988829386222425
66,002,0.26,0.91,0.0,0.39083333333333337,0.3361400772225049
67,002,0.26,0.91,0.0,0.39083333333333337,0.3361400772225049
68,002,0.05,0.91,0.0,0.3646153846153846,0.33542548563020136
69,002,0.05,0.91,0.0,0.3646153846153846,0.33542548563020136
70,002,0.05,0.91,0.0,0.3646153846153846,0.33542548563020136
71,002,0.05,0.91,0.0,0.3646153846153846,0.33542548563020136
72,002,0.05,0.91,0.0,0.3646153846153846,0.33542548563020136
73,002,0.05,0.91,0.0,0.3646153846153846,0.33542548563020136
74,002,0.05,0.91,0.0,0.3646153846153846,0.33542548563020136
75,002,0.05,0.91,0.0,0.3646153846153846,0.33542548563020136
76,002,0.05,0.91,0.0,0.3646153846153846,0.33542548563020136
